similarity,pValue,nGenes,treatment,perturbagenID,time,signatureid,cellline,Source_Signature,perturbagen
0.525,3.9046e-30,406,STAT5A,CGS001-6776,96 h,LINCSKD_20631,HT29,LINCSCP_118647,Fluoxetine
0.3477,5.5869e-13,406,IKBKAP,CGS001-8518,96 h,LINCSKD_19224,HT29,LINCSCP_118647,Fluoxetine
0.3278,1.2639e-11,406,REL,CGS001-5966,96 h,LINCSKD_20280,HT29,LINCSCP_118647,Fluoxetine
0.5454,1.3989e-25,312,STAT1,CGS001-6772,96 h,LINCSKD_20628,HT29,LINCSCP_118649,Fluoxetine
0.4941,1.2978e-20,312,IKBKE,CGS001-9641,96 h,LINCSKD_19226,HT29,LINCSCP_118649,Fluoxetine
0.4021,1.4923e-13,312,STAT6,CGS001-6778,144 h,LINCSKD_22006,MCF7,LINCSCP_135224,Fluoxetine
0.3999,2.076e-13,312,STAT6,CGS001-6778,96 h,LINCSKD_24220,MCF7,LINCSCP_135224,Fluoxetine
0.2774,6.4339e-7,312,IKBKB,CGS001-3551,96 h,LINCSKD_23148,MCF7,LINCSCP_135224,Fluoxetine
0.2762,7.2155e-7,312,IKBKE,CGS001-9641,96 h,LINCSKD_23149,MCF7,LINCSCP_135224,Fluoxetine
0.2737,9.1669e-7,312,NFKB2,CGS001-4791,96 h,LINCSKD_23522,MCF7,LINCSCP_135224,Fluoxetine
0.2737,9.1839e-7,312,REL,CGS001-5966,96 h,LINCSKD_23956,MCF7,LINCSCP_135224,Fluoxetine
0.2726,1.0191e-6,312,STAT1,CGS001-6772,96 h,LINCSKD_24215,MCF7,LINCSCP_135224,Fluoxetine
0.2537,0,261,STAT3,CGS001-6774,144 h,LINCSKD_34654,MCF7,LINCSCP_135227,Fluoxetine
0.5289,4.7265e-18,231,JAK1,CGS001-3716,96 h,LINCSKD_27721,PC3,LINCSCP_153434,Fluoxetine
0.4104,8.465e-11,231,STAT1,CGS001-6772,96 h,LINCSKD_28824,PC3,LINCSCP_153434,Fluoxetine
0.3493,4.9404e-8,231,STAT4,CGS001-6775,96 h,LINCSKD_28827,PC3,LINCSCP_153434,Fluoxetine
0.5665,1.2686e-27,309,JAK1,CGS001-3716,96 h,LINCSKD_27721,PC3,LINCSCP_153437,Fluoxetine
0.5302,8.4688e-24,309,IKBKB,CGS001-3551,96 h,LINCSKD_27650,PC3,LINCSCP_153437,Fluoxetine
0.7982,1.632e-88,395,IL6ST,CGS001-3572,96 h,LINCSKD_1545,A375,LINCSCP_178120,Fluoxetine
-0.7166,1.7632e-63,395,SOCS4,CGS001-122809,96 h,LINCSKD_2997,A375,LINCSCP_178120,Fluoxetine
0.6705,6.7653e-53,395,SOCS2,CGS001-8835,96 h,LINCSKD_2995,A375,LINCSCP_178120,Fluoxetine
0.6558,6.4604e-50,395,STAT6,CGS001-6778,96 h,LINCSKD_3068,A375,LINCSCP_178120,Fluoxetine
0.63,4.4341e-45,395,REL,CGS001-5966,96 h,LINCSKD_2674,A375,LINCSCP_178120,Fluoxetine
0.5984,9.9567e-40,395,STAT5A,CGS001-6776,96 h,LINCSKD_3066,A375,LINCSCP_178120,Fluoxetine
0.4558,1.8367e-15,274,IL6ST,CGS001-3572,96 h,LINCSKD_1545,A375,LINCSCP_184,Fluoxetine
0.4532,2.7882e-15,274,JAK2,CGS001-3717,96 h,LINCSKD_1613,A375,LINCSCP_184,Fluoxetine
0.3591,9.2038e-10,274,STAT5A,CGS001-6776,96 h,LINCSKD_3066,A375,LINCSCP_184,Fluoxetine
0.3478,3.2699e-9,274,JAK3,CGS001-3718,96 h,LINCSKD_1614,A375,LINCSCP_184,Fluoxetine
0.3164,8.6806e-8,274,SOCS5,CGS001-9655,96 h,LINCSKD_2998,A375,LINCSCP_184,Fluoxetine
0.3104,1.5647e-7,274,IKBKE,CGS001-9641,96 h,LINCSKD_1515,A375,LINCSCP_184,Fluoxetine
-0.2988,3.7798e-8,326,SOCS5,CGS001-9655,96 h,LINCSKD_13717,HCC515,LINCSCP_19161,Fluoxetine
0.2547,3.2008e-6,326,SOCS2,CGS001-8835,96 h,LINCSKD_13715,HCC515,LINCSCP_19161,Fluoxetine
0.4356,2.9635e-14,277,JAK1,CGS001-3716,96 h,LINCSKD_9662,HA1E,LINCSCP_209665,Fluoxetine
0.3725,1.5197e-10,277,NFKB2,CGS001-4791,96 h,LINCSKD_10097,HA1E,LINCSCP_209665,Fluoxetine
-0.3563,1.0307e-9,277,IL6,CGS001-3569,96 h,LINCSKD_9600,HA1E,LINCSCP_209665,Fluoxetine
0.352,1.6821e-9,277,STAT3,CGS001-6774,96 h,LINCSKD_11113,HA1E,LINCSCP_209665,Fluoxetine
0.3446,3.8625e-9,277,STAT5A,CGS001-6776,96 h,LINCSKD_11115,HA1E,LINCSCP_209665,Fluoxetine
0.3375,8.3068e-9,277,STAT1,CGS001-6772,96 h,LINCSKD_11111,HA1E,LINCSCP_209665,Fluoxetine
0.3336,1.2686e-8,277,STAT6,CGS001-6778,96 h,LINCSKD_11117,HA1E,LINCSCP_209665,Fluoxetine
0.3322,1.4656e-8,277,REL,CGS001-5966,96 h,LINCSKD_10725,HA1E,LINCSCP_209665,Fluoxetine
-0.3051,2.2334e-7,277,TNF,CGS001-7124,96 h,LINCSKD_11298,HA1E,LINCSCP_209665,Fluoxetine
0.2964,5.0705e-7,277,RELA,CGS001-5970,96 h,LINCSKD_10726,HA1E,LINCSCP_209665,Fluoxetine
-0.2962,4.8629e-6,230,SOCS5,CGS001-9655,96 h,LINCSKD_11042,HA1E,LINCSCP_210576,Fluoxetine
0.2776,0,230,STAT6,CGS001-6778,96 h,LINCSKD_11117,HA1E,LINCSCP_210576,Fluoxetine
0.2761,0,230,IKBKE,CGS001-9641,96 h,LINCSKD_9570,HA1E,LINCSCP_210576,Fluoxetine
0.2743,0,230,STAT5A,CGS001-6776,96 h,LINCSKD_11115,HA1E,LINCSCP_210576,Fluoxetine
0.2719,0,230,RELA,CGS001-5970,96 h,LINCSKD_10726,HA1E,LINCSCP_210576,Fluoxetine
0.2557,1e-4,230,STAT1,CGS001-6772,96 h,LINCSKD_11111,HA1E,LINCSCP_210576,Fluoxetine
0.2345,3e-4,230,NFKB2,CGS001-4791,96 h,LINCSKD_10097,HA1E,LINCSCP_210576,Fluoxetine
0.2333,4e-4,230,STAT4,CGS001-6775,96 h,LINCSKD_11114,HA1E,LINCSCP_210576,Fluoxetine
0.2287,5e-4,230,JAK1,CGS001-3716,96 h,LINCSKD_9662,HA1E,LINCSCP_210576,Fluoxetine
0.2262,5e-4,230,IL6ST,CGS001-3572,96 h,LINCSKD_9602,HA1E,LINCSCP_210576,Fluoxetine
0.6193,1.0547e-62,580,IKBKE,CGS001-9641,96 h,LINCSKD_15896,HEPG2,LINCSCP_21963,Fluoxetine
0.6163,5.8744e-62,580,JAK1,CGS001-3716,96 h,LINCSKD_15986,HEPG2,LINCSCP_21963,Fluoxetine
0.6139,2.3021e-61,580,IL6ST,CGS001-3572,96 h,LINCSKD_15925,HEPG2,LINCSCP_21963,Fluoxetine
0.571,2.1411e-56,637,STAT1,CGS001-6772,96 h,LINCSKD_20628,HT29,LINCSCP_224982,Fluoxetine
0.5094,2.2986e-43,637,IKBKE,CGS001-9641,96 h,LINCSKD_19226,HT29,LINCSCP_224982,Fluoxetine
0.5078,4.6803e-43,637,SOCS1,CGS001-8651,96 h,LINCSKD_20559,HT29,LINCSCP_224982,Fluoxetine
0.4412,9.9355e-32,637,IKBKB,CGS001-3551,96 h,LINCSKD_19225,HT29,LINCSCP_224982,Fluoxetine
0.6449,7.5203e-34,276,IKBKE,CGS001-9641,96 h,LINCSKD_23149,MCF7,LINCSCP_236001,Fluoxetine
0.5718,2.3203e-25,276,STAT3,CGS001-6774,96 h,LINCSKD_24217,MCF7,LINCSCP_236001,Fluoxetine
0.5521,2.0359e-23,276,STAT1,CGS001-6772,96 h,LINCSKD_24215,MCF7,LINCSCP_236001,Fluoxetine
0.5272,3.7848e-21,276,REL,CGS001-5966,96 h,LINCSKD_23956,MCF7,LINCSCP_236001,Fluoxetine
-0.5233,8.2593e-21,276,TNF,CGS001-7124,96 h,LINCSKD_24319,MCF7,LINCSCP_236001,Fluoxetine
0.4522,1.5463e-17,320,STAT5B,CGS001-6777,144 h,LINCSKD_34656,MCF7,LINCSCP_236280,Fluoxetine
0.3895,4.8939e-13,320,REL,CGS001-5966,96 h,LINCSKD_23956,MCF7,LINCSCP_236280,Fluoxetine
0.3748,4.1383e-12,320,STAT1,CGS001-6772,96 h,LINCSKD_24215,MCF7,LINCSCP_236280,Fluoxetine
0.3685,1.0007e-11,320,STAT5B,CGS001-6777,96 h,LINCSKD_35495,MCF7,LINCSCP_236280,Fluoxetine
0.3355,7.4258e-10,320,IKBKE,CGS001-9641,96 h,LINCSKD_23149,MCF7,LINCSCP_236280,Fluoxetine
-0.3323,1.0901e-9,320,TNF,CGS001-7124,96 h,LINCSKD_24319,MCF7,LINCSCP_236280,Fluoxetine
0.2982,5.4064e-8,320,NFKB2,CGS001-4791,96 h,LINCSKD_23522,MCF7,LINCSCP_236280,Fluoxetine
0.3938,1.2987e-9,221,REL,CGS001-5966,96 h,LINCSKD_23956,MCF7,LINCSCP_238003,Fluoxetine
-0.3498,9.31e-8,221,TNF,CGS001-7124,96 h,LINCSKD_24319,MCF7,LINCSCP_238003,Fluoxetine
0.2976,6.7291e-6,221,NFKB2,CGS001-4791,96 h,LINCSKD_23522,MCF7,LINCSCP_238003,Fluoxetine
0.2538,2e-4,208,SOCS4,CGS001-122809,96 h,LINCSKD_24168,MCF7,LINCSCP_244129,Fluoxetine
0.2377,5e-4,208,JAK2,CGS001-3717,96 h,LINCSKD_35185,MCF7,LINCSCP_244129,Fluoxetine
0.4162,5.6109e-12,252,STAT5A,CGS001-6776,96 h,LINCSKD_20631,HT29,LINCSCP_25221,Fluoxetine
0.3861,2.2133e-10,252,IKBKAP,CGS001-8518,96 h,LINCSKD_19224,HT29,LINCSCP_25221,Fluoxetine
0.3218,1.7724e-7,252,NFKB1,CGS001-4790,96 h,LINCSKD_19710,HT29,LINCSCP_25221,Fluoxetine
0.3165,2.859e-7,252,STAT1,CGS001-6772,96 h,LINCSKD_20628,HT29,LINCSCP_25221,Fluoxetine
0.6485,4.768e-45,366,REL,CGS001-5966,96 h,LINCSKD_28535,PC3,LINCSCP_268810,Fluoxetine
0.4668,3.353e-21,366,JAK2,CGS001-3717,144 h,LINCSKD_35976,PC3,LINCSCP_268810,Fluoxetine
0.4251,1.7107e-17,366,STAT1,CGS001-6772,96 h,LINCSKD_28824,PC3,LINCSCP_268810,Fluoxetine
0.379,4.549e-6,138,NFKB1,CGS001-4790,96 h,LINCSKD_23521,MCF7,LINCSCP_34440,Fluoxetine
0.3257,1e-4,138,IKBKG,CGS001-8517,96 h,LINCSKD_23150,MCF7,LINCSCP_34440,Fluoxetine
0.3174,1e-4,138,REL,CGS001-5966,96 h,LINCSKD_23956,MCF7,LINCSCP_34440,Fluoxetine
0.3125,2e-4,138,NFKB2,CGS001-4791,96 h,LINCSKD_23522,MCF7,LINCSCP_34440,Fluoxetine
0.2991,4e-4,138,IL6,CGS001-3569,144 h,LINCSKD_34351,MCF7,LINCSCP_34440,Fluoxetine
0.2818,8e-4,138,SOCS4,CGS001-122809,96 h,LINCSKD_24168,MCF7,LINCSCP_34440,Fluoxetine
0.3313,0,158,NFKB1,CGS001-4790,96 h,LINCSKD_5654,A549,LINCSCP_4137,Fluoxetine
0.2971,2e-4,158,IKBKG,CGS001-8517,96 h,LINCSKD_5139,A549,LINCSCP_4137,Fluoxetine
0.2764,4e-4,158,JAK2,CGS001-3717,96 h,LINCSKD_5224,A549,LINCSCP_4137,Fluoxetine
0.2602,0.001,158,RELB,CGS001-5971,96 h,LINCSKD_6281,A549,LINCSCP_4137,Fluoxetine
0.5843,1.1715e-49,528,IL6ST,CGS001-3572,96 h,LINCSKD_1545,A375,LINCSCP_416,Fluoxetine
0.5203,5.7241e-38,528,STAT5A,CGS001-6776,96 h,LINCSKD_3066,A375,LINCSCP_416,Fluoxetine
0.497,2.6986e-34,528,SOCS2,CGS001-8835,96 h,LINCSKD_2995,A375,LINCSCP_416,Fluoxetine
0.4799,9.2057e-32,528,REL,CGS001-5966,96 h,LINCSKD_2674,A375,LINCSCP_416,Fluoxetine
0.4791,1.2038e-31,528,STAT6,CGS001-6778,96 h,LINCSKD_3068,A375,LINCSCP_416,Fluoxetine
0.3153,1.7265e-6,221,IKBKB,CGS001-3551,96 h,LINCSKD_5137,A549,LINCSCP_4277,Fluoxetine
-0.2828,0,221,STAT3,CGS001-6774,96 h,LINCSKD_6666,A549,LINCSCP_4277,Fluoxetine
-0.2776,0,221,STAT2,CGS001-6773,96 h,LINCSKD_6665,A549,LINCSCP_4277,Fluoxetine
0.4526,2.4412e-11,197,IKBKE,CGS001-9641,96 h,LINCSKD_25020,NPC,LINCSCP_43207,Fluoxetine
0.3941,1.0074e-8,197,STAT1,CGS001-6772,96 h,LINCSKD_25441,NPC,LINCSCP_43207,Fluoxetine
0.3876,1.8383e-8,197,RELB,CGS001-5971,96 h,LINCSKD_25328,NPC,LINCSCP_43207,Fluoxetine
0.4056,8.1359e-19,439,IKBKE,CGS001-9641,120 h,LINCSKD_31312,VCAP,LINCSCP_57849,Fluoxetine
0.3621,4.7449e-15,439,RELB,CGS001-5971,120 h,LINCSKD_32449,VCAP,LINCSCP_57849,Fluoxetine
0.3507,3.7735e-14,439,IL6,CGS001-3569,120 h,LINCSKD_31339,VCAP,LINCSCP_57849,Fluoxetine
0.3448,1.0692e-13,439,NFKB1,CGS001-4790,120 h,LINCSKD_31843,VCAP,LINCSCP_57849,Fluoxetine
0.3271,2.1086e-12,439,STAT1,CGS001-6772,120 h,LINCSKD_32808,VCAP,LINCSCP_57849,Fluoxetine
0.3267,2.223e-12,439,STAT5A,CGS001-6776,120 h,LINCSKD_32812,VCAP,LINCSCP_57849,Fluoxetine
0.4561,9.7603e-22,396,IL6ST,CGS001-3572,96 h,LINCSKD_1545,A375,LINCSCP_71729,Fluoxetine
0.423,1.2711e-18,396,STAT6,CGS001-6778,96 h,LINCSKD_3068,A375,LINCSCP_71729,Fluoxetine
-0.3984,1.6251e-16,396,RELA,CGS001-5970,96 h,LINCSKD_2675,A375,LINCSCP_71729,Fluoxetine
0.3857,1.717e-15,396,REL,CGS001-5966,96 h,LINCSKD_2674,A375,LINCSCP_71729,Fluoxetine
0.3682,3.7035e-14,396,IKBKAP,CGS001-8518,96 h,LINCSKD_1513,A375,LINCSCP_71729,Fluoxetine
0.336,6.6169e-12,396,STAT1,CGS001-6772,96 h,LINCSKD_3062,A375,LINCSCP_71729,Fluoxetine
0.3016,6.0957e-10,404,IKBKE,CGS001-9641,96 h,LINCSKD_9570,HA1E,LINCSCP_90045,Fluoxetine
0.2476,4.6375e-7,404,STAT6,CGS001-6778,96 h,LINCSKD_11117,HA1E,LINCSCP_90045,Fluoxetine
0.2474,4.7758e-7,404,NFKB2,CGS001-4791,96 h,LINCSKD_10097,HA1E,LINCSCP_90045,Fluoxetine
0.2467,5.1616e-7,404,IL6R,CGS001-3570,96 h,LINCSKD_9601,HA1E,LINCSCP_90045,Fluoxetine
0.2152,0,404,STAT4,CGS001-6775,96 h,LINCSKD_11114,HA1E,LINCSCP_90045,Fluoxetine
0.2008,0,404,REL,CGS001-5966,96 h,LINCSKD_10725,HA1E,LINCSCP_90045,Fluoxetine
0.2401,0,297,STAT5B,CGS001-6777,96 h,LINCSKD_11116,HA1E,LINCSCP_90046,Fluoxetine
0.2225,1e-4,297,IKBKE,CGS001-9641,96 h,LINCSKD_9570,HA1E,LINCSCP_90046,Fluoxetine
-0.5456,2.3196e-25,309,STAT2,CGS001-6773,96 h,LINCSKD_11112,HA1E,LINCSCP_90049,Fluoxetine
-0.542,5.4052e-25,309,TNF,CGS001-7124,96 h,LINCSKD_11298,HA1E,LINCSCP_90049,Fluoxetine
-0.5289,1.1279e-23,309,JAK3,CGS001-3718,96 h,LINCSKD_9664,HA1E,LINCSCP_90049,Fluoxetine
0.5173,1.5075e-22,309,REL,CGS001-5966,96 h,LINCSKD_10725,HA1E,LINCSCP_90049,Fluoxetine
-0.5035,2.8955e-21,309,IL6,CGS001-3569,96 h,LINCSKD_9600,HA1E,LINCSCP_90049,Fluoxetine
-0.4671,3.7421e-18,309,JAK2,CGS001-3717,96 h,LINCSKD_9663,HA1E,LINCSCP_90049,Fluoxetine
-0.4656,5.0046e-18,309,SOCS1,CGS001-8651,96 h,LINCSKD_11039,HA1E,LINCSCP_90049,Fluoxetine
0.4033,1.4895e-13,310,JAK1,CGS001-3716,96 h,LINCSKD_19315,HT29,LINCSCP_121625,Bupropion
0.3029,5.3209e-8,310,IKBKE,CGS001-9641,96 h,LINCSKD_19226,HT29,LINCSCP_121625,Bupropion
0.2994,7.6749e-8,310,STAT1,CGS001-6772,96 h,LINCSKD_20628,HT29,LINCSCP_121625,Bupropion
0.2939,1.3563e-7,310,SOCS1,CGS001-8651,96 h,LINCSKD_20559,HT29,LINCSCP_121625,Bupropion
0.2731,1.0537e-6,310,STAT5B,CGS001-6777,96 h,LINCSKD_20632,HT29,LINCSCP_121625,Bupropion
-0.267,1.856e-6,310,STAT6,CGS001-6778,96 h,LINCSKD_20633,HT29,LINCSCP_121625,Bupropion
0.2656,0,242,SOCS4,CGS001-122809,96 h,LINCSKD_20561,HT29,LINCSCP_121630,Bupropion
-0.2347,2e-4,242,STAT1,CGS001-6772,96 h,LINCSKD_20628,HT29,LINCSCP_121630,Bupropion
0.2345,2e-4,242,JAK2,CGS001-3717,96 h,LINCSKD_19316,HT29,LINCSCP_121630,Bupropion
0.2275,4e-4,242,REL,CGS001-5966,96 h,LINCSKD_20280,HT29,LINCSCP_121630,Bupropion
0.2218,7e-4,229,SOCS2,CGS001-8835,144 h,LINCSKD_21982,MCF7,LINCSCP_138207,Bupropion
-0.3242,4.1883e-7,233,IL6ST,CGS001-3572,144 h,LINCSKD_34352,MCF7,LINCSCP_138209,Bupropion
-0.2688,0,233,STAT3,CGS001-6774,96 h,LINCSKD_24217,MCF7,LINCSCP_138209,Bupropion
0.2169,9e-4,233,JAK2,CGS001-3717,144 h,LINCSKD_34365,MCF7,LINCSCP_138209,Bupropion
-0.2085,0.0014,233,NFKB2,CGS001-4791,96 h,LINCSKD_23522,MCF7,LINCSCP_138209,Bupropion
-0.205,0.0017,233,IKBKG,CGS001-8517,144 h,LINCSKD_21584,MCF7,LINCSCP_138209,Bupropion
0.4025,5.2273e-14,323,JAK2,CGS001-3717,144 h,LINCSKD_35976,PC3,LINCSCP_156408,Bupropion
0.2841,2.0599e-7,323,IL6R,CGS001-3570,96 h,LINCSKD_27674,PC3,LINCSCP_156408,Bupropion
0.2827,2.3913e-7,323,REL,CGS001-5966,96 h,LINCSKD_28535,PC3,LINCSCP_156408,Bupropion
0.4439,1.4338e-12,231,IL6R,CGS001-3570,96 h,LINCSKD_27674,PC3,LINCSCP_156409,Bupropion
0.3866,1.1879e-9,231,JAK2,CGS001-3717,144 h,LINCSKD_35976,PC3,LINCSCP_156409,Bupropion
-0.6122,4.018e-56,533,TNF,CGS001-7124,96 h,LINCSKD_11298,HA1E,LINCSCP_16170,Bupropion
-0.5782,7.2879e-49,533,IL6,CGS001-3569,96 h,LINCSKD_9600,HA1E,LINCSCP_16170,Bupropion
0.5584,4.9365e-45,533,REL,CGS001-5966,96 h,LINCSKD_10725,HA1E,LINCSCP_16170,Bupropion
0.5549,2.2942e-44,533,STAT3,CGS001-6774,96 h,LINCSKD_11113,HA1E,LINCSCP_16170,Bupropion
0.5284,1.1622e-39,533,STAT1,CGS001-6772,96 h,LINCSKD_11111,HA1E,LINCSCP_16170,Bupropion
-0.52,2.9816e-38,533,JAK2,CGS001-3717,96 h,LINCSKD_9663,HA1E,LINCSCP_16170,Bupropion
-0.4818,2.4685e-32,533,SOCS1,CGS001-8651,96 h,LINCSKD_11039,HA1E,LINCSCP_16170,Bupropion
0.5969,6.6753e-14,130,REL,CGS001-5966,96 h,LINCSKD_2674,A375,LINCSCP_1865,Bupropion
-0.5873,2.0603e-13,130,TNF,CGS001-7124,96 h,LINCSKD_3241,A375,LINCSCP_1865,Bupropion
0.5865,2.2715e-13,130,STAT6,CGS001-6778,96 h,LINCSKD_3068,A375,LINCSCP_1865,Bupropion
0.5613,3.7609e-12,130,IKBKE,CGS001-9641,96 h,LINCSKD_1515,A375,LINCSCP_1865,Bupropion
-0.5432,2.4422e-11,130,SOCS1,CGS001-8651,96 h,LINCSKD_2994,A375,LINCSCP_1865,Bupropion
0.5156,3.4556e-10,130,STAT5B,CGS001-6777,96 h,LINCSKD_3067,A375,LINCSCP_1865,Bupropion
-0.504,9.8216e-10,130,RELA,CGS001-5970,96 h,LINCSKD_2675,A375,LINCSCP_1865,Bupropion
0.4916,2.8675e-9,130,IKBKB,CGS001-3551,96 h,LINCSKD_1514,A375,LINCSCP_1865,Bupropion
0.4836,5.6099e-9,130,STAT5A,CGS001-6776,96 h,LINCSKD_3066,A375,LINCSCP_1865,Bupropion
0.3864,0,122,IL6,CGS001-3569,96 h,LINCSKD_12722,HCC515,LINCSCP_18751,Bupropion
0.6557,3.971e-38,299,JAK1,CGS001-3716,96 h,LINCSKD_5223,A549,LINCSCP_190122,Bupropion
0.6458,1.1302e-36,299,IL6ST,CGS001-3572,96 h,LINCSKD_5167,A549,LINCSCP_190122,Bupropion
0.5754,9.3824e-28,299,NFKB2,CGS001-4791,96 h,LINCSKD_5655,A549,LINCSCP_190122,Bupropion
0.4868,3.3799e-19,299,IKBKE,CGS001-9641,96 h,LINCSKD_5138,A549,LINCSCP_190122,Bupropion
0.4844,5.4084e-19,299,STAT1,CGS001-6772,96 h,LINCSKD_6664,A549,LINCSCP_190122,Bupropion
0.479,1.4891e-18,299,IKBKB,CGS001-3551,96 h,LINCSKD_5137,A549,LINCSCP_190122,Bupropion
0.6382,1.8583e-38,324,JAK1,CGS001-3716,96 h,LINCSKD_15986,HEPG2,LINCSCP_21447,Bupropion
0.5932,3.5399e-32,324,REL,CGS001-5966,96 h,LINCSKD_16954,HEPG2,LINCSCP_21447,Bupropion
0.5544,1.6497e-27,324,IKBKE,CGS001-9641,96 h,LINCSKD_15896,HEPG2,LINCSCP_21447,Bupropion
0.5435,2.7158e-26,324,IL6ST,CGS001-3572,96 h,LINCSKD_15925,HEPG2,LINCSCP_21447,Bupropion
-0.5883,5.5259e-19,189,IKBKE,CGS001-9641,96 h,LINCSKD_19226,HT29,LINCSCP_223151,Bupropion
0.5838,1.1839e-18,189,STAT6,CGS001-6778,96 h,LINCSKD_20633,HT29,LINCSCP_223151,Bupropion
0.311,2.3103e-20,843,STAT5B,CGS001-6777,144 h,LINCSKD_34656,MCF7,LINCSCP_239064,Bupropion
0.2748,4.5704e-16,843,STAT5B,CGS001-6777,96 h,LINCSKD_35495,MCF7,LINCSCP_239064,Bupropion
0.2581,2.6947e-14,843,IKBKE,CGS001-9641,96 h,LINCSKD_23149,MCF7,LINCSCP_239064,Bupropion
0.256,4.4647e-14,843,STAT1,CGS001-6772,96 h,LINCSKD_24215,MCF7,LINCSCP_239064,Bupropion
0.2507,1.5036e-13,843,STAT6,CGS001-6778,96 h,LINCSKD_24220,MCF7,LINCSCP_239064,Bupropion
0.2178,1.631e-10,843,STAT3,CGS001-6774,96 h,LINCSKD_24217,MCF7,LINCSCP_239064,Bupropion
0.2113,5.799e-10,843,REL,CGS001-5966,96 h,LINCSKD_23956,MCF7,LINCSCP_239064,Bupropion
0.2003,4.4688e-9,843,IKBKAP,CGS001-8518,144 h,LINCSKD_21581,MCF7,LINCSCP_239064,Bupropion
0.484,6.6338e-19,298,IKBKE,CGS001-9641,96 h,LINCSKD_23149,MCF7,LINCSCP_240746,Bupropion
0.4789,1.7383e-18,298,STAT1,CGS001-6772,96 h,LINCSKD_24215,MCF7,LINCSCP_240746,Bupropion
0.4299,7.7851e-15,298,IKBKE,CGS001-9641,144 h,LINCSKD_21583,MCF7,LINCSCP_240746,Bupropion
0.4229,2.3186e-14,298,STAT3,CGS001-6774,96 h,LINCSKD_24217,MCF7,LINCSCP_240746,Bupropion
0.4056,3.1368e-13,298,STAT6,CGS001-6778,96 h,LINCSKD_24220,MCF7,LINCSCP_240746,Bupropion
0.3955,1.3397e-12,298,IKBKB,CGS001-3551,96 h,LINCSKD_23148,MCF7,LINCSCP_240746,Bupropion
0.4248,2.7683e-12,248,STAT1,CGS001-6772,96 h,LINCSKD_24215,MCF7,LINCSCP_243604,Bupropion
0.394,1.1269e-6,143,IKBKE,CGS001-9641,96 h,LINCSKD_25020,NPC,LINCSCP_261976,Bupropion
0.3918,1.3029e-6,143,SOCS2,CGS001-8835,96 h,LINCSKD_25416,NPC,LINCSCP_261976,Bupropion
0.3242,6.2742e-15,550,REL,CGS001-5966,96 h,LINCSKD_28535,PC3,LINCSCP_269571,Bupropion
0.2868,7.0563e-12,550,TNF,CGS001-7124,96 h,LINCSKD_28936,PC3,LINCSCP_269571,Bupropion
0.2675,1.8185e-10,550,IKBKB,CGS001-3551,96 h,LINCSKD_27650,PC3,LINCSCP_269571,Bupropion
0.4784,3.165e-45,769,REL,CGS001-5966,96 h,LINCSKD_28535,PC3,LINCSCP_47443,Bupropion
0.4421,3.8526e-38,769,IL6R,CGS001-3570,96 h,LINCSKD_27674,PC3,LINCSCP_47443,Bupropion
0.4059,7.387e-32,769,JAK1,CGS001-3716,96 h,LINCSKD_27721,PC3,LINCSCP_47443,Bupropion
0.3804,7.0025e-28,769,JAK2,CGS001-3717,144 h,LINCSKD_35976,PC3,LINCSCP_47443,Bupropion
0.3755,1.3217e-8,215,STAT6,CGS001-6778,96 h,LINCSKD_3068,A375,LINCSCP_74675,Bupropion
-0.3527,1.0754e-7,215,SOCS4,CGS001-122809,96 h,LINCSKD_2997,A375,LINCSCP_74675,Bupropion
0.3197,1.6919e-6,215,IL6ST,CGS001-3572,96 h,LINCSKD_1545,A375,LINCSCP_74675,Bupropion
0.2698,1e-4,215,SOCS2,CGS001-8835,96 h,LINCSKD_2995,A375,LINCSCP_74675,Bupropion
0.2426,3e-4,215,STAT5A,CGS001-6776,96 h,LINCSKD_3066,A375,LINCSCP_74675,Bupropion
0.2405,4e-4,215,STAT5B,CGS001-6777,96 h,LINCSKD_3067,A375,LINCSCP_74675,Bupropion
0.3843,7.4226e-12,296,STAT6,CGS001-6778,96 h,LINCSKD_3068,A375,LINCSCP_74677,Bupropion
0.3703,4.7012e-11,296,SOCS2,CGS001-8835,96 h,LINCSKD_2995,A375,LINCSCP_74677,Bupropion
0.3677,6.5624e-11,296,IL6ST,CGS001-3572,96 h,LINCSKD_1545,A375,LINCSCP_74677,Bupropion
0.326,9.3079e-9,296,STAT5B,CGS001-6777,96 h,LINCSKD_3067,A375,LINCSCP_74677,Bupropion
0.2909,3.501e-7,296,REL,CGS001-5966,96 h,LINCSKD_2674,A375,LINCSCP_74677,Bupropion
0.2602,3e-4,188,STAT3,CGS001-6774,96 h,LINCSKD_3064,A375,LINCSCP_74678,Bupropion
0.2407,9e-4,188,NFKB1,CGS001-4790,96 h,LINCSKD_2066,A375,LINCSCP_74678,Bupropion
0.2579,1e-4,228,TNF,CGS001-7124,96 h,LINCSKD_3241,A375,LINCSCP_74679,Bupropion
0.4696,5.2389e-15,248,REL,CGS001-5966,96 h,LINCSKD_10725,HA1E,LINCSCP_93020,Bupropion
0.4343,7.8478e-13,248,STAT1,CGS001-6772,96 h,LINCSKD_11111,HA1E,LINCSCP_93020,Bupropion
-0.4018,4.8515e-11,248,SOCS1,CGS001-8651,96 h,LINCSKD_11039,HA1E,LINCSCP_93020,Bupropion
0.5144,8.4148e-22,302,IKBKB,CGS001-3551,96 h,LINCSKD_7604,ASC,LINCSCP_11178,Paroxetine
0.3898,2.1236e-12,302,IKBKE,CGS001-9641,96 h,LINCSKD_7605,ASC,LINCSCP_11178,Paroxetine
0.3883,1.1639e-9,229,STAT5A,CGS001-6776,96 h,LINCSKD_20631,HT29,LINCSCP_122308,Paroxetine
0.339,1.4483e-7,229,IKBKAP,CGS001-8518,96 h,LINCSKD_19224,HT29,LINCSCP_122308,Paroxetine
-0.3142,1.2173e-6,229,IL6,CGS001-3569,96 h,LINCSKD_19255,HT29,LINCSCP_122308,Paroxetine
0.5769,2.0915e-46,508,STAT5A,CGS001-6776,96 h,LINCSKD_20631,HT29,LINCSCP_123959,Paroxetine
0.4545,2.9429e-27,508,STAT1,CGS001-6772,96 h,LINCSKD_20628,HT29,LINCSCP_123959,Paroxetine
0.409,6.6061e-22,508,JAK1,CGS001-3716,96 h,LINCSKD_19315,HT29,LINCSCP_123959,Paroxetine
0.3925,3.6826e-20,508,SOCS1,CGS001-8651,96 h,LINCSKD_20559,HT29,LINCSCP_123959,Paroxetine
0.2488,0,270,IL6,CGS001-3569,144 h,LINCSKD_34351,MCF7,LINCSCP_138888,Paroxetine
-0.2414,1e-4,270,IL6ST,CGS001-3572,96 h,LINCSKD_35165,MCF7,LINCSCP_138888,Paroxetine
0.2252,2e-4,270,NFKB1,CGS001-4790,96 h,LINCSKD_23521,MCF7,LINCSCP_138888,Paroxetine
-0.3037,7.6841e-7,255,REL,CGS001-5966,96 h,LINCSKD_23956,MCF7,LINCSCP_138889,Paroxetine
-0.2667,0,255,IKBKE,CGS001-9641,144 h,LINCSKD_21583,MCF7,LINCSCP_138889,Paroxetine
-0.2591,0,255,IL6ST,CGS001-3572,96 h,LINCSKD_35165,MCF7,LINCSCP_138889,Paroxetine
-0.259,0,255,STAT1,CGS001-6772,144 h,LINCSKD_22005,MCF7,LINCSCP_138889,Paroxetine
-0.3621,2.7529e-11,318,TNF,CGS001-7124,96 h,LINCSKD_24319,MCF7,LINCSCP_140543,Paroxetine
0.3581,4.7081e-11,318,IKBKB,CGS001-3551,96 h,LINCSKD_23148,MCF7,LINCSCP_140543,Paroxetine
0.355,7.061e-11,318,REL,CGS001-5966,96 h,LINCSKD_23956,MCF7,LINCSCP_140543,Paroxetine
0.329,1.8433e-9,318,STAT5B,CGS001-6777,144 h,LINCSKD_34656,MCF7,LINCSCP_140543,Paroxetine
0.3247,3.0541e-9,318,NFKB2,CGS001-4791,96 h,LINCSKD_23522,MCF7,LINCSCP_140543,Paroxetine
0.3122,1.2835e-8,318,IKBKE,CGS001-9641,96 h,LINCSKD_23149,MCF7,LINCSCP_140543,Paroxetine
0.2819,3.2123e-7,318,IKBKAP,CGS001-8518,144 h,LINCSKD_21581,MCF7,LINCSCP_140543,Paroxetine
0.2707,9.5879e-7,318,STAT1,CGS001-6772,96 h,LINCSKD_24215,MCF7,LINCSCP_140543,Paroxetine
0.4884,6.8604e-21,325,IKBKE,CGS001-9641,96 h,LINCSKD_23149,MCF7,LINCSCP_140544,Paroxetine
0.4587,2.6026e-18,325,STAT3,CGS001-6774,96 h,LINCSKD_24217,MCF7,LINCSCP_140544,Paroxetine
0.4315,3.5778e-16,325,NFKB2,CGS001-4791,96 h,LINCSKD_23522,MCF7,LINCSCP_140544,Paroxetine
0.4168,4.3085e-15,325,STAT1,CGS001-6772,96 h,LINCSKD_24215,MCF7,LINCSCP_140544,Paroxetine
0.3713,4.6217e-12,325,REL,CGS001-5966,96 h,LINCSKD_23956,MCF7,LINCSCP_140544,Paroxetine
0.3222,1e-4,149,TNF,CGS001-7124,96 h,LINCSKD_24319,MCF7,LINCSCP_140548,Paroxetine
0.3145,1e-4,149,SOCS4,CGS001-122809,96 h,LINCSKD_24168,MCF7,LINCSCP_140548,Paroxetine
0.4446,2.4508e-24,473,STAT3,CGS001-6774,96 h,LINCSKD_11113,HA1E,LINCSCP_14721,Paroxetine
0.4322,6.0497e-23,473,REL,CGS001-5966,96 h,LINCSKD_10725,HA1E,LINCSCP_14721,Paroxetine
-0.4019,8.6332e-20,473,SOCS1,CGS001-8651,96 h,LINCSKD_11039,HA1E,LINCSCP_14721,Paroxetine
0.3754,2.7875e-17,473,JAK1,CGS001-3716,96 h,LINCSKD_9662,HA1E,LINCSCP_14721,Paroxetine
-0.3259,3.6493e-13,473,JAK3,CGS001-3718,96 h,LINCSKD_9664,HA1E,LINCSCP_14721,Paroxetine
0.325,4.2584e-13,473,STAT1,CGS001-6772,96 h,LINCSKD_11111,HA1E,LINCSCP_14721,Paroxetine
-0.3119,3.9204e-12,473,IL6,CGS001-3569,96 h,LINCSKD_9600,HA1E,LINCSCP_14721,Paroxetine
0.3109,4.6266e-12,473,NFKB2,CGS001-4791,96 h,LINCSKD_10097,HA1E,LINCSCP_14721,Paroxetine
0.308,7.5016e-12,473,IL6ST,CGS001-3572,96 h,LINCSKD_9602,HA1E,LINCSCP_14721,Paroxetine
-0.3004,2.5498e-11,473,TNF,CGS001-7124,96 h,LINCSKD_11298,HA1E,LINCSCP_14721,Paroxetine
0.2917,9.8502e-11,473,STAT6,CGS001-6778,96 h,LINCSKD_11117,HA1E,LINCSCP_14721,Paroxetine
0.2491,5.8573e-6,323,NFKB1,CGS001-4790,144 h,LINCSKD_36054,PC3,LINCSCP_157094,Paroxetine
-0.2447,8.6596e-6,323,JAK2,CGS001-3717,144 h,LINCSKD_35976,PC3,LINCSCP_157094,Paroxetine
0.2368,0,323,IKBKE,CGS001-9641,96 h,LINCSKD_27651,PC3,LINCSCP_157094,Paroxetine
0.2229,1e-4,323,IKBKG,CGS001-8517,144 h,LINCSKD_26065,PC3,LINCSCP_157094,Paroxetine
0.2211,1e-4,323,IL6,CGS001-3569,96 h,LINCSKD_36707,PC3,LINCSCP_157094,Paroxetine
0.3307,2.2059e-6,196,IL6,CGS001-3569,96 h,LINCSKD_36707,PC3,LINCSCP_157096,Paroxetine
0.2879,0,196,STAT2,CGS001-6773,96 h,LINCSKD_28825,PC3,LINCSCP_157096,Paroxetine
0.4199,9.1207e-11,219,STAT2,CGS001-6773,96 h,LINCSKD_28825,PC3,LINCSCP_157097,Paroxetine
-0.3036,4.7365e-6,219,JAK2,CGS001-3717,144 h,LINCSKD_35976,PC3,LINCSCP_157097,Paroxetine
0.3936,4.4526e-13,314,STAT4,CGS001-6775,96 h,LINCSKD_28827,PC3,LINCSCP_158745,Paroxetine
0.3803,3.0429e-12,314,JAK1,CGS001-3716,96 h,LINCSKD_27721,PC3,LINCSCP_158745,Paroxetine
0.3681,1.6485e-11,314,JAK3,CGS001-3718,96 h,LINCSKD_36727,PC3,LINCSCP_158745,Paroxetine
-0.3243,4.0327e-9,314,NFKB1,CGS001-4790,96 h,LINCSKD_28060,PC3,LINCSCP_158745,Paroxetine
0.2915,1.44e-7,314,IL6R,CGS001-3570,96 h,LINCSKD_27674,PC3,LINCSCP_158745,Paroxetine
0.2726,9.3943e-7,314,IKBKG,CGS001-8517,96 h,LINCSKD_36700,PC3,LINCSCP_158745,Paroxetine
0.3529,3.4082e-10,299,IL6R,CGS001-3570,96 h,LINCSKD_27674,PC3,LINCSCP_158746,Paroxetine
0.3258,8.0382e-9,299,REL,CGS001-5966,96 h,LINCSKD_28535,PC3,LINCSCP_158746,Paroxetine
0.3178,1.928e-8,299,IKBKB,CGS001-3551,96 h,LINCSKD_27650,PC3,LINCSCP_158746,Paroxetine
0.3111,3.9485e-8,299,STAT4,CGS001-6775,96 h,LINCSKD_28827,PC3,LINCSCP_158746,Paroxetine
0.3364,8.6616e-7,204,IKBKG,CGS001-8517,144 h,LINCSKD_26065,PC3,LINCSCP_158747,Paroxetine
0.2214,0.0015,204,NFKB2,CGS001-4791,96 h,LINCSKD_28061,PC3,LINCSCP_158747,Paroxetine
0.3437,1.4944e-10,329,IL6ST,CGS001-3572,96 h,LINCSKD_1545,A375,LINCSCP_176678,Paroxetine
0.2995,3.0461e-8,329,JAK1,CGS001-3716,96 h,LINCSKD_1612,A375,LINCSCP_176678,Paroxetine
0.2836,1.6662e-7,329,SOCS5,CGS001-9655,96 h,LINCSKD_2998,A375,LINCSCP_176678,Paroxetine
0.2568,2.369e-6,329,STAT5A,CGS001-6776,96 h,LINCSKD_3066,A375,LINCSCP_176678,Paroxetine
0.2521,3.6419e-6,329,SOCS2,CGS001-8835,96 h,LINCSKD_2995,A375,LINCSCP_176678,Paroxetine
0.2505,4.2296e-6,329,IKBKE,CGS001-9641,96 h,LINCSKD_1515,A375,LINCSCP_176678,Paroxetine
0.2252,0,329,JAK2,CGS001-3717,96 h,LINCSKD_1613,A375,LINCSCP_176678,Paroxetine
0.2244,0,329,REL,CGS001-5966,96 h,LINCSKD_2674,A375,LINCSCP_176678,Paroxetine
0.4427,2.2575e-26,520,STAT6,CGS001-6778,96 h,LINCSKD_3068,A375,LINCSCP_178769,Paroxetine
0.4426,2.3766e-26,520,IL6ST,CGS001-3572,96 h,LINCSKD_1545,A375,LINCSCP_178769,Paroxetine
0.4333,3.3056e-25,520,SOCS2,CGS001-8835,96 h,LINCSKD_2995,A375,LINCSCP_178769,Paroxetine
0.4199,1.2485e-23,520,STAT5A,CGS001-6776,96 h,LINCSKD_3066,A375,LINCSCP_178769,Paroxetine
0.3831,1.2712e-19,520,IKBKB,CGS001-3551,96 h,LINCSKD_1514,A375,LINCSCP_178769,Paroxetine
0.3609,1.9107e-17,520,REL,CGS001-5966,96 h,LINCSKD_2674,A375,LINCSCP_178769,Paroxetine
0.2875,5.4724e-8,345,IL6ST,CGS001-3572,96 h,LINCSKD_1545,A375,LINCSCP_179533,Paroxetine
0.2752,2.0572e-7,345,IKBKE,CGS001-9641,96 h,LINCSKD_1515,A375,LINCSCP_179533,Paroxetine
0.2659,5.395e-7,345,RELB,CGS001-5971,96 h,LINCSKD_2676,A375,LINCSCP_179533,Paroxetine
0.2483,3.0271e-6,345,STAT5A,CGS001-6776,96 h,LINCSKD_3066,A375,LINCSCP_179533,Paroxetine
0.241,5.9928e-6,345,JAK3,CGS001-3718,96 h,LINCSKD_1614,A375,LINCSCP_179533,Paroxetine
-0.4677,1.4527e-31,556,IKBKB,CGS001-3551,96 h,LINCSKD_12702,HCC515,LINCSCP_18898,Paroxetine
0.4274,4.2101e-26,556,STAT1,CGS001-6772,96 h,LINCSKD_13762,HCC515,LINCSCP_18898,Paroxetine
0.3616,1.2758e-18,556,IL6ST,CGS001-3572,96 h,LINCSKD_12723,HCC515,LINCSCP_18898,Paroxetine
0.386,3.1448e-9,220,IKBKG,CGS001-8517,96 h,LINCSKD_5139,A549,LINCSCP_190012,Paroxetine
0.3768,7.8506e-9,220,IL6R,CGS001-3570,96 h,LINCSKD_5166,A549,LINCSCP_190012,Paroxetine
0.3495,1.0222e-7,220,RELB,CGS001-5971,96 h,LINCSKD_6281,A549,LINCSCP_190012,Paroxetine
0.5345,4.3918e-24,307,JAK1,CGS001-3716,96 h,LINCSKD_5223,A549,LINCSCP_190215,Paroxetine
0.4854,1.4868e-19,307,IL6ST,CGS001-3572,96 h,LINCSKD_5167,A549,LINCSCP_190215,Paroxetine
0.4441,2.845e-16,307,NFKB2,CGS001-4791,96 h,LINCSKD_5655,A549,LINCSCP_190215,Paroxetine
0.4427,3.6431e-16,307,IKBKE,CGS001-9641,96 h,LINCSKD_5138,A549,LINCSCP_190215,Paroxetine
-0.4708,2.9942e-27,469,SOCS2,CGS001-8835,96 h,LINCSKD_13715,HCC515,LINCSCP_19093,Paroxetine
0.3961,4.5401e-19,469,STAT1,CGS001-6772,96 h,LINCSKD_13762,HCC515,LINCSCP_19093,Paroxetine
0.3972,3.5448e-21,522,SOCS1,CGS001-8651,96 h,LINCSKD_6595,A549,LINCSCP_191768,Paroxetine
0.3189,8.4516e-14,522,NFKB1,CGS001-4790,96 h,LINCSKD_5654,A549,LINCSCP_191768,Paroxetine
0.5744,1.3239e-40,447,REL,CGS001-5966,96 h,LINCSKD_10725,HA1E,LINCSCP_209330,Paroxetine
0.501,8.8915e-30,447,STAT3,CGS001-6774,96 h,LINCSKD_11113,HA1E,LINCSCP_209330,Paroxetine
0.4974,2.5916e-29,447,STAT1,CGS001-6772,96 h,LINCSKD_11111,HA1E,LINCSCP_209330,Paroxetine
0.4854,8.5272e-28,447,NFKB2,CGS001-4791,96 h,LINCSKD_10097,HA1E,LINCSCP_209330,Paroxetine
0.4712,4.3813e-26,447,JAK1,CGS001-3716,96 h,LINCSKD_9662,HA1E,LINCSCP_209330,Paroxetine
-0.4711,4.5238e-26,447,IL6,CGS001-3569,96 h,LINCSKD_9600,HA1E,LINCSCP_209330,Paroxetine
0.4439,5.2275e-23,447,STAT6,CGS001-6778,96 h,LINCSKD_11117,HA1E,LINCSCP_209330,Paroxetine
-0.4181,2.4344e-20,447,SOCS1,CGS001-8651,96 h,LINCSKD_11039,HA1E,LINCSCP_209330,Paroxetine
-0.4177,2.6807e-20,447,STAT2,CGS001-6773,96 h,LINCSKD_11112,HA1E,LINCSCP_209330,Paroxetine
-0.41,1.5131e-19,447,TNF,CGS001-7124,96 h,LINCSKD_11298,HA1E,LINCSCP_209330,Paroxetine
-0.3843,3.5166e-17,447,JAK3,CGS001-3718,96 h,LINCSKD_9664,HA1E,LINCSCP_209330,Paroxetine
0.3597,4.2056e-15,447,IL6ST,CGS001-3572,96 h,LINCSKD_9602,HA1E,LINCSCP_209330,Paroxetine
0.497,1.1521e-23,357,SOCS1,CGS001-8651,96 h,LINCSKD_11039,HA1E,LINCSCP_211181,Paroxetine
0.4587,5.6315e-20,357,IL6,CGS001-3569,96 h,LINCSKD_9600,HA1E,LINCSCP_211181,Paroxetine
0.4351,6.3423e-18,357,JAK2,CGS001-3717,96 h,LINCSKD_9663,HA1E,LINCSCP_211181,Paroxetine
0.4032,2.1624e-15,357,TNF,CGS001-7124,96 h,LINCSKD_11298,HA1E,LINCSCP_211181,Paroxetine
0.3842,5.3335e-14,357,JAK3,CGS001-3718,96 h,LINCSKD_9664,HA1E,LINCSCP_211181,Paroxetine
0.3919,4.1854e-15,372,SOCS1,CGS001-8651,96 h,LINCSKD_17248,HEPG2,LINCSCP_219172,Paroxetine
0.3524,2.5645e-12,372,RELB,CGS001-5971,96 h,LINCSKD_16956,HEPG2,LINCSCP_219172,Paroxetine
0.2615,3.111e-7,372,NFKB1,CGS001-4790,96 h,LINCSKD_16384,HEPG2,LINCSCP_219172,Paroxetine
0.5148,1.9445e-27,385,IL6ST,CGS001-3572,96 h,LINCSKD_15925,HEPG2,LINCSCP_220521,Paroxetine
0.4807,1.1661e-23,385,IKBKB,CGS001-3551,96 h,LINCSKD_15895,HEPG2,LINCSCP_220521,Paroxetine
0.4077,7.477e-17,385,IKBKAP,CGS001-8518,96 h,LINCSKD_15894,HEPG2,LINCSCP_220521,Paroxetine
0.3662,1.1521e-13,385,IKBKE,CGS001-9641,96 h,LINCSKD_15896,HEPG2,LINCSCP_220521,Paroxetine
0.3398,7.3413e-12,385,SOCS2,CGS001-8835,96 h,LINCSKD_17249,HEPG2,LINCSCP_220521,Paroxetine
0.3347,1.5698e-11,385,REL,CGS001-5966,96 h,LINCSKD_16954,HEPG2,LINCSCP_220521,Paroxetine
0.3162,2.1847e-10,385,STAT5B,CGS001-6777,96 h,LINCSKD_17318,HEPG2,LINCSCP_220521,Paroxetine
0.383,6.7703e-11,271,REL,CGS001-5966,96 h,LINCSKD_23956,MCF7,LINCSCP_235850,Paroxetine
0.3538,2.0726e-9,271,NFKB2,CGS001-4791,96 h,LINCSKD_23522,MCF7,LINCSCP_235850,Paroxetine
0.3021,3.987e-7,271,STAT5B,CGS001-6777,144 h,LINCSKD_34656,MCF7,LINCSCP_235850,Paroxetine
-0.2773,3.5674e-6,271,STAT3,CGS001-6774,144 h,LINCSKD_34654,MCF7,LINCSCP_235850,Paroxetine
0.2657,9.2373e-6,271,IL6R,CGS001-3570,96 h,LINCSKD_23173,MCF7,LINCSCP_235850,Paroxetine
0.2956,8.6334e-6,219,NFKB2,CGS001-4791,96 h,LINCSKD_23522,MCF7,LINCSCP_239218,Paroxetine
0.2866,0,219,SOCS5,CGS001-9655,96 h,LINCSKD_24169,MCF7,LINCSCP_239218,Paroxetine
0.2865,0,219,STAT2,CGS001-6773,96 h,LINCSKD_24216,MCF7,LINCSCP_239218,Paroxetine
0.2815,0,219,STAT3,CGS001-6774,96 h,LINCSKD_24217,MCF7,LINCSCP_239218,Paroxetine
0.2539,1e-4,219,SOCS1,CGS001-8651,96 h,LINCSKD_24167,MCF7,LINCSCP_239218,Paroxetine
0.3787,4.4259e-16,429,IKBKE,CGS001-9641,96 h,LINCSKD_23149,MCF7,LINCSCP_240907,Paroxetine
-0.352,5.9083e-14,429,JAK2,CGS001-3717,144 h,LINCSKD_34365,MCF7,LINCSCP_240907,Paroxetine
0.3474,1.3075e-13,429,STAT5B,CGS001-6777,144 h,LINCSKD_34656,MCF7,LINCSCP_240907,Paroxetine
0.3436,2.4685e-13,429,NFKB2,CGS001-4791,96 h,LINCSKD_23522,MCF7,LINCSCP_240907,Paroxetine
0.341,3.8174e-13,429,IKBKB,CGS001-3551,96 h,LINCSKD_23148,MCF7,LINCSCP_240907,Paroxetine
0.3312,1.937e-12,429,STAT3,CGS001-6774,96 h,LINCSKD_24217,MCF7,LINCSCP_240907,Paroxetine
0.3258,4.6138e-12,429,STAT1,CGS001-6772,96 h,LINCSKD_24215,MCF7,LINCSCP_240907,Paroxetine
0.6549,3.044e-60,481,STAT1,CGS001-6772,96 h,LINCSKD_20628,HT29,LINCSCP_25189,Paroxetine
0.5989,3.7611e-48,481,IKBKE,CGS001-9641,96 h,LINCSKD_19226,HT29,LINCSCP_25189,Paroxetine
0.5594,6.0275e-41,481,SOCS1,CGS001-8651,96 h,LINCSKD_20559,HT29,LINCSCP_25189,Paroxetine
0.4927,8.7703e-31,481,STAT5A,CGS001-6776,96 h,LINCSKD_20631,HT29,LINCSCP_25189,Paroxetine
0.4753,1.7461e-28,481,JAK1,CGS001-3716,96 h,LINCSKD_19315,HT29,LINCSCP_25189,Paroxetine
0.4947,1.3303e-20,311,STAT5A,CGS001-6776,96 h,LINCSKD_28828,PC3,LINCSCP_266549,Paroxetine
0.4421,2.5835e-16,311,STAT4,CGS001-6775,96 h,LINCSKD_28827,PC3,LINCSCP_266549,Paroxetine
0.4403,3.5395e-16,311,REL,CGS001-5966,96 h,LINCSKD_28535,PC3,LINCSCP_266549,Paroxetine
0.39,9.7826e-13,311,SOCS2,CGS001-8835,144 h,LINCSKD_26410,PC3,LINCSCP_266549,Paroxetine
0.3745,8.6206e-12,311,STAT1,CGS001-6772,96 h,LINCSKD_28824,PC3,LINCSCP_266549,Paroxetine
0.313,7.3331e-11,414,REL,CGS001-5966,96 h,LINCSKD_20280,HT29,LINCSCP_26831,Paroxetine
0.3064,1.9049e-10,414,STAT5A,CGS001-6776,96 h,LINCSKD_20631,HT29,LINCSCP_26831,Paroxetine
0.2814,5.6597e-9,414,SOCS1,CGS001-8651,96 h,LINCSKD_20559,HT29,LINCSCP_26831,Paroxetine
0.2401,7.6593e-7,414,IKBKAP,CGS001-8518,96 h,LINCSKD_19224,HT29,LINCSCP_26831,Paroxetine
0.2357,1.2402e-6,414,STAT1,CGS001-6772,96 h,LINCSKD_20628,HT29,LINCSCP_26831,Paroxetine
0.229,2.5125e-6,414,JAK1,CGS001-3716,96 h,LINCSKD_19315,HT29,LINCSCP_26831,Paroxetine
0.3668,4.404e-7,179,STAT5A,CGS001-6776,144 h,LINCSKD_36236,PC3,LINCSCP_273515,Paroxetine
-0.29,1e-4,179,IKBKE,CGS001-9641,144 h,LINCSKD_26064,PC3,LINCSCP_273515,Paroxetine
0.5121,6.4036e-47,683,REL,CGS001-5966,96 h,LINCSKD_23956,MCF7,LINCSCP_32897,Paroxetine
0.4619,2.1672e-37,683,NFKB2,CGS001-4791,96 h,LINCSKD_23522,MCF7,LINCSCP_32897,Paroxetine
0.4534,6.2609e-36,683,IKBKE,CGS001-9641,96 h,LINCSKD_23149,MCF7,LINCSCP_32897,Paroxetine
-0.4301,3.964e-32,683,SOCS2,CGS001-8835,144 h,LINCSKD_21982,MCF7,LINCSCP_32897,Paroxetine
0.4168,4.4598e-30,683,STAT6,CGS001-6778,96 h,LINCSKD_24220,MCF7,LINCSCP_32897,Paroxetine
0.4132,1.5044e-29,683,STAT1,CGS001-6772,144 h,LINCSKD_22005,MCF7,LINCSCP_32897,Paroxetine
0.4013,8.117e-28,683,STAT3,CGS001-6774,96 h,LINCSKD_24217,MCF7,LINCSCP_32897,Paroxetine
0.3998,1.3346e-27,683,IKBKB,CGS001-3551,96 h,LINCSKD_23148,MCF7,LINCSCP_32897,Paroxetine
0.3902,2.8807e-26,683,STAT1,CGS001-6772,96 h,LINCSKD_24215,MCF7,LINCSCP_32897,Paroxetine
0.4228,5.3067e-13,267,STAT6,CGS001-6778,96 h,LINCSKD_28829,PC3,LINCSCP_44561,Paroxetine
0.3947,2.1945e-11,267,STAT5A,CGS001-6776,144 h,LINCSKD_36236,PC3,LINCSCP_44561,Paroxetine
0.3844,7.8447e-11,267,STAT4,CGS001-6775,96 h,LINCSKD_28827,PC3,LINCSCP_44561,Paroxetine
0.3738,2.7938e-10,267,RELB,CGS001-5971,144 h,LINCSKD_26330,PC3,LINCSCP_44561,Paroxetine
0.365,7.749e-10,267,REL,CGS001-5966,96 h,LINCSKD_28535,PC3,LINCSCP_44561,Paroxetine
0.3531,2.9536e-9,267,IL6,CGS001-3569,144 h,LINCSKD_35960,PC3,LINCSCP_44561,Paroxetine
0.3378,1.4991e-8,267,STAT5A,CGS001-6776,96 h,LINCSKD_28828,PC3,LINCSCP_44561,Paroxetine
0.3247,5.6716e-8,267,SOCS2,CGS001-8835,144 h,LINCSKD_26410,PC3,LINCSCP_44561,Paroxetine
0.3129,1.789e-7,267,JAK1,CGS001-3716,96 h,LINCSKD_27721,PC3,LINCSCP_44561,Paroxetine
0.3002,5.7973e-7,267,STAT3,CGS001-6774,96 h,LINCSKD_28826,PC3,LINCSCP_44561,Paroxetine
0.2856,2.087e-6,267,STAT1,CGS001-6772,96 h,LINCSKD_28824,PC3,LINCSCP_44561,Paroxetine
-0.2748,5.1983e-6,267,STAT2,CGS001-6773,96 h,LINCSKD_28825,PC3,LINCSCP_44561,Paroxetine
0.6838,9.9366e-53,373,JAK3,CGS001-3718,120 h,LINCSKD_31401,VCAP,LINCSCP_56419,Paroxetine
0.627,3.8153e-42,373,IKBKE,CGS001-9641,120 h,LINCSKD_31312,VCAP,LINCSCP_56419,Paroxetine
0.5984,1.3293e-37,373,JAK1,CGS001-3716,120 h,LINCSKD_31399,VCAP,LINCSCP_56419,Paroxetine
0.5824,3.0214e-35,373,SOCS4,CGS001-122809,120 h,LINCSKD_32740,VCAP,LINCSCP_56419,Paroxetine
0.4951,1.8332e-24,373,RELB,CGS001-5971,120 h,LINCSKD_32449,VCAP,LINCSCP_56419,Paroxetine
0.41,7.7717e-17,380,IKBKE,CGS001-9641,120 h,LINCSKD_31312,VCAP,LINCSCP_56554,Paroxetine
0.3923,1.9922e-15,380,JAK3,CGS001-3718,120 h,LINCSKD_31401,VCAP,LINCSCP_56554,Paroxetine
0.3851,7.0548e-15,380,STAT2,CGS001-6773,120 h,LINCSKD_32809,VCAP,LINCSCP_56554,Paroxetine
0.2926,8.6261e-7,273,NFKB1,CGS001-4790,96 h,LINCSKD_5654,A549,LINCSCP_5722,Paroxetine
0.2767,3.445e-6,273,RELB,CGS001-5971,96 h,LINCSKD_6281,A549,LINCSCP_5722,Paroxetine
0.6496,3.6196e-63,516,JAK1,CGS001-3716,96 h,LINCSKD_5223,A549,LINCSCP_6969,Paroxetine
0.5659,5.0446e-45,516,NFKB2,CGS001-4791,96 h,LINCSKD_5655,A549,LINCSCP_6969,Paroxetine
0.5236,1.1357e-37,516,IL6ST,CGS001-3572,96 h,LINCSKD_5167,A549,LINCSCP_6969,Paroxetine
0.5037,1.4877e-34,516,IKBKE,CGS001-9641,96 h,LINCSKD_5138,A549,LINCSCP_6969,Paroxetine
0.5003,4.9493e-34,516,IKBKB,CGS001-3551,96 h,LINCSKD_5137,A549,LINCSCP_6969,Paroxetine
0.4275,2.4485e-24,516,STAT1,CGS001-6772,96 h,LINCSKD_6664,A549,LINCSCP_6969,Paroxetine
0.3004,4.0716e-6,227,RELB,CGS001-5971,96 h,LINCSKD_2676,A375,LINCSCP_75350,Paroxetine
0.3003,4.0959e-6,227,STAT2,CGS001-6773,96 h,LINCSKD_3063,A375,LINCSCP_75350,Paroxetine
0.2619,1e-4,227,JAK1,CGS001-3716,96 h,LINCSKD_1612,A375,LINCSCP_75350,Paroxetine
0.2436,2e-4,227,IKBKAP,CGS001-8518,96 h,LINCSKD_1513,A375,LINCSCP_75350,Paroxetine
0.2341,4e-4,227,JAK3,CGS001-3718,96 h,LINCSKD_1614,A375,LINCSCP_75350,Paroxetine
0.3141,1e-4,147,IL6,CGS001-3569,96 h,LINCSKD_1543,A375,LINCSCP_75352,Paroxetine
0.2774,7e-4,147,RELA,CGS001-5970,96 h,LINCSKD_2675,A375,LINCSCP_75352,Paroxetine
0.2599,0.0015,147,SOCS4,CGS001-122809,96 h,LINCSKD_2997,A375,LINCSCP_75352,Paroxetine
0.2586,0.0016,147,TNF,CGS001-7124,96 h,LINCSKD_3241,A375,LINCSCP_75352,Paroxetine
0.2315,0.0014,189,JAK1,CGS001-3716,96 h,LINCSKD_1612,A375,LINCSCP_75354,Paroxetine
0.2188,0.0025,189,NFKB1,CGS001-4790,96 h,LINCSKD_2066,A375,LINCSCP_75354,Paroxetine
0.2135,0.0032,189,IL6,CGS001-3569,96 h,LINCSKD_1543,A375,LINCSCP_75354,Paroxetine
0.2003,0.0057,189,SOCS4,CGS001-122809,96 h,LINCSKD_2997,A375,LINCSCP_75354,Paroxetine
0.3509,3.0444e-7,202,NFKB1,CGS001-4790,96 h,LINCSKD_2066,A375,LINCSCP_75355,Paroxetine
0.2798,1e-4,202,RELA,CGS001-5970,96 h,LINCSKD_2675,A375,LINCSCP_75355,Paroxetine
0.2783,1e-4,202,IL6,CGS001-3569,96 h,LINCSKD_1543,A375,LINCSCP_75355,Paroxetine
0.2751,1e-4,202,TNF,CGS001-7124,96 h,LINCSKD_3241,A375,LINCSCP_75355,Paroxetine
0.3858,5.1381e-12,298,IL6ST,CGS001-3572,96 h,LINCSKD_1545,A375,LINCSCP_77000,Paroxetine
0.2747,1.4687e-6,298,JAK2,CGS001-3717,96 h,LINCSKD_1613,A375,LINCSCP_77000,Paroxetine
-0.2705,2.1573e-6,298,RELA,CGS001-5970,96 h,LINCSKD_2675,A375,LINCSCP_77000,Paroxetine
0.292,2.7681e-6,249,JAK1,CGS001-3716,96 h,LINCSKD_9662,HA1E,LINCSCP_93684,Paroxetine
0.234,2e-4,249,RELA,CGS001-5970,96 h,LINCSKD_10726,HA1E,LINCSCP_93684,Paroxetine
0.2201,5e-4,249,STAT4,CGS001-6775,96 h,LINCSKD_11114,HA1E,LINCSCP_93684,Paroxetine
0.2184,5e-4,249,IKBKB,CGS001-3551,96 h,LINCSKD_9569,HA1E,LINCSCP_93684,Paroxetine
0.21560000000000001,6e-4,249,IL6ST,CGS001-3572,96 h,LINCSKD_9602,HA1E,LINCSCP_93684,Paroxetine
0.208,0.001,249,IKBKAP,CGS001-8518,96 h,LINCSKD_9568,HA1E,LINCSCP_93684,Paroxetine
0.2997,0,183,STAT5A,CGS001-6776,96 h,LINCSKD_11115,HA1E,LINCSCP_93687,Paroxetine
0.2831,1e-4,183,IKBKB,CGS001-3551,96 h,LINCSKD_9569,HA1E,LINCSCP_93687,Paroxetine
0.26,4e-4,183,JAK1,CGS001-3716,96 h,LINCSKD_9662,HA1E,LINCSCP_93687,Paroxetine
0.3663,7.4545e-12,328,STAT6,CGS001-6778,96 h,LINCSKD_11117,HA1E,LINCSCP_95330,Paroxetine
0.2993,3.2601e-8,328,IL6ST,CGS001-3572,96 h,LINCSKD_9602,HA1E,LINCSCP_95330,Paroxetine
0.2724,5.4417e-7,328,RELA,CGS001-5970,96 h,LINCSKD_10726,HA1E,LINCSCP_95330,Paroxetine
0.272,5.6595e-7,328,NFKB2,CGS001-4791,96 h,LINCSKD_10097,HA1E,LINCSCP_95330,Paroxetine
0.2539,3.1994e-6,328,STAT3,CGS001-6774,96 h,LINCSKD_11113,HA1E,LINCSCP_95330,Paroxetine
-0.2523,3.7069e-6,328,STAT2,CGS001-6773,96 h,LINCSKD_11112,HA1E,LINCSCP_95330,Paroxetine
0.2425,8.8967e-6,328,REL,CGS001-5966,96 h,LINCSKD_10725,HA1E,LINCSCP_95330,Paroxetine
0.3387,1.0521e-9,308,STAT3,CGS001-6774,96 h,LINCSKD_11113,HA1E,LINCSCP_95331,Paroxetine
0.2794,6.2522e-7,308,STAT5B,CGS001-6777,96 h,LINCSKD_11116,HA1E,LINCSCP_95331,Paroxetine
-0.3429,8.4364e-8,232,SOCS5,CGS001-9655,96 h,LINCSKD_11042,HA1E,LINCSCP_95332,Paroxetine
-0.3009,3.0451e-6,232,JAK3,CGS001-3718,96 h,LINCSKD_9664,HA1E,LINCSCP_95332,Paroxetine
0.2785,0,232,REL,CGS001-5966,96 h,LINCSKD_10725,HA1E,LINCSCP_95332,Paroxetine
0.3232,1.1446e-6,217,IKBKG,CGS001-8517,96 h,LINCSKD_7606,ASC,LINCSCP_11031,Dexamethasone
0.3158,2.0626e-6,217,IKBKB,CGS001-3551,96 h,LINCSKD_7604,ASC,LINCSCP_11031,Dexamethasone
-0.3888,4.7759e-12,294,STAT6,CGS001-6778,96 h,LINCSKD_20633,HT29,LINCSCP_124181,Dexamethasone
0.3751,2.9759e-11,294,IKBKE,CGS001-9641,96 h,LINCSKD_19226,HT29,LINCSCP_124181,Dexamethasone
0.3523,5.1201e-10,294,STAT1,CGS001-6772,96 h,LINCSKD_20628,HT29,LINCSCP_124181,Dexamethasone
0.3315,5.6852e-9,294,JAK1,CGS001-3716,96 h,LINCSKD_19315,HT29,LINCSCP_124181,Dexamethasone
0.3191,2.2065e-8,294,SOCS1,CGS001-8651,96 h,LINCSKD_20559,HT29,LINCSCP_124181,Dexamethasone
-0.2783,1.2552e-6,294,SOCS4,CGS001-122809,96 h,LINCSKD_20561,HT29,LINCSCP_124181,Dexamethasone
0.2707,2.4863e-6,294,IKBKB,CGS001-3551,96 h,LINCSKD_19225,HT29,LINCSCP_124181,Dexamethasone
0.3692,1.8527e-9,249,STAT5B,CGS001-6777,96 h,LINCSKD_20632,HT29,LINCSCP_124182,Dexamethasone
0.3634,3.4333e-9,249,IKBKE,CGS001-9641,96 h,LINCSKD_19226,HT29,LINCSCP_124182,Dexamethasone
0.3529,1.0249e-8,249,STAT1,CGS001-6772,96 h,LINCSKD_20628,HT29,LINCSCP_124182,Dexamethasone
0.3457,2.1298e-8,249,JAK1,CGS001-3716,96 h,LINCSKD_19315,HT29,LINCSCP_124182,Dexamethasone
-0.3189,2.7168e-7,249,REL,CGS001-5966,96 h,LINCSKD_20280,HT29,LINCSCP_124182,Dexamethasone
0.3653,1.7477e-7,193,SOCS5,CGS001-9655,96 h,LINCSKD_20562,HT29,LINCSCP_124184,Dexamethasone
0.2531,4e-4,193,REL,CGS001-5966,96 h,LINCSKD_20280,HT29,LINCSCP_124184,Dexamethasone
0.2313,0.0012,193,NFKB1,CGS001-4790,96 h,LINCSKD_19710,HT29,LINCSCP_124184,Dexamethasone
0.5795,4.0228e-34,365,IKBKE,CGS001-9641,96 h,LINCSKD_19226,HT29,LINCSCP_127738,Dexamethasone
0.4972,3.4225e-24,365,STAT1,CGS001-6772,96 h,LINCSKD_20628,HT29,LINCSCP_127738,Dexamethasone
0.4196,5.3211e-17,365,IKBKB,CGS001-3551,96 h,LINCSKD_19225,HT29,LINCSCP_127738,Dexamethasone
0.4177,7.646e-17,365,SOCS1,CGS001-8651,96 h,LINCSKD_20559,HT29,LINCSCP_127738,Dexamethasone
0.4525,2.1933e-15,277,IKBKE,CGS001-9641,96 h,LINCSKD_19226,HT29,LINCSCP_127739,Dexamethasone
0.4043,2.5576e-12,277,SOCS2,CGS001-8835,96 h,LINCSKD_20560,HT29,LINCSCP_127739,Dexamethasone
0.4016,3.6883e-12,277,IKBKB,CGS001-3551,96 h,LINCSKD_19225,HT29,LINCSCP_127739,Dexamethasone
0.382,4.6842e-11,277,STAT1,CGS001-6772,96 h,LINCSKD_20628,HT29,LINCSCP_127739,Dexamethasone
0.4212,5.5021e-14,292,IKBKB,CGS001-3551,96 h,LINCSKD_19225,HT29,LINCSCP_127740,Dexamethasone
0.3939,2.8266e-12,292,SOCS2,CGS001-8835,96 h,LINCSKD_20560,HT29,LINCSCP_127740,Dexamethasone
0.3926,3.388e-12,292,STAT1,CGS001-6772,96 h,LINCSKD_20628,HT29,LINCSCP_127740,Dexamethasone
0.3916,3.8448e-12,292,IKBKE,CGS001-9641,96 h,LINCSKD_19226,HT29,LINCSCP_127740,Dexamethasone
0.3374,3.3149e-9,292,JAK3,CGS001-3718,96 h,LINCSKD_19317,HT29,LINCSCP_127740,Dexamethasone
0.3189,2.5097e-8,292,SOCS1,CGS001-8651,96 h,LINCSKD_20559,HT29,LINCSCP_127740,Dexamethasone
0.3017,1.4656e-7,292,NFKB2,CGS001-4791,96 h,LINCSKD_19711,HT29,LINCSCP_127740,Dexamethasone
0.2954,2.7163e-7,292,STAT5A,CGS001-6776,96 h,LINCSKD_20631,HT29,LINCSCP_127740,Dexamethasone
0.293,3.4397e-7,292,IL6ST,CGS001-3572,96 h,LINCSKD_19256,HT29,LINCSCP_127740,Dexamethasone
0.4748,1.2207e-28,485,STAT1,CGS001-6772,96 h,LINCSKD_20628,HT29,LINCSCP_127742,Dexamethasone
0.4125,2.3672e-21,485,IKBKB,CGS001-3551,96 h,LINCSKD_19225,HT29,LINCSCP_127742,Dexamethasone
0.3872,8.6026e-19,485,SOCS1,CGS001-8651,96 h,LINCSKD_20559,HT29,LINCSCP_127742,Dexamethasone
0.3833,2.0114e-18,485,IKBKE,CGS001-9641,96 h,LINCSKD_19226,HT29,LINCSCP_127742,Dexamethasone
0.3496,2.1807e-15,485,STAT3,CGS001-6774,96 h,LINCSKD_20629,HT29,LINCSCP_127742,Dexamethasone
0.4876,1.547e-11,170,STAT1,CGS001-6772,96 h,LINCSKD_24215,MCF7,LINCSCP_140766,Dexamethasone
0.467,1.3716e-10,170,IKBKE,CGS001-9641,96 h,LINCSKD_23149,MCF7,LINCSCP_140766,Dexamethasone
0.4187,1.334e-8,170,STAT5B,CGS001-6777,96 h,LINCSKD_35495,MCF7,LINCSCP_140766,Dexamethasone
0.4029,2.2829e-15,357,STAT3,CGS001-6774,96 h,LINCSKD_24217,MCF7,LINCSCP_144323,Dexamethasone
0.3972,6.1133e-15,357,STAT1,CGS001-6772,96 h,LINCSKD_24215,MCF7,LINCSCP_144323,Dexamethasone
0.3884,2.6699e-14,357,IKBKE,CGS001-9641,96 h,LINCSKD_23149,MCF7,LINCSCP_144323,Dexamethasone
0.3238,3.6962e-10,357,IKBKB,CGS001-3551,96 h,LINCSKD_23148,MCF7,LINCSCP_144323,Dexamethasone
0.3173,8.5894e-10,357,STAT5B,CGS001-6777,144 h,LINCSKD_34656,MCF7,LINCSCP_144323,Dexamethasone
0.3045,4.286e-9,357,STAT1,CGS001-6772,144 h,LINCSKD_22005,MCF7,LINCSCP_144323,Dexamethasone
0.2966,1.101e-8,357,REL,CGS001-5966,96 h,LINCSKD_23956,MCF7,LINCSCP_144323,Dexamethasone
0.2995,1.1783e-7,301,SOCS4,CGS001-122809,96 h,LINCSKD_24168,MCF7,LINCSCP_144328,Dexamethasone
0.5174,4.1106e-35,493,REL,CGS001-5966,96 h,LINCSKD_10725,HA1E,LINCSCP_14738,Dexamethasone
-0.4933,1.3382e-31,493,IL6,CGS001-3569,96 h,LINCSKD_9600,HA1E,LINCSCP_14738,Dexamethasone
-0.4561,1.0705e-26,493,JAK3,CGS001-3718,96 h,LINCSKD_9664,HA1E,LINCSCP_14738,Dexamethasone
0.4278,2.3388e-23,493,STAT3,CGS001-6774,96 h,LINCSKD_11113,HA1E,LINCSCP_14738,Dexamethasone
-0.427,2.8845e-23,493,STAT2,CGS001-6773,96 h,LINCSKD_11112,HA1E,LINCSCP_14738,Dexamethasone
0.4204,1.5452e-22,493,STAT1,CGS001-6772,96 h,LINCSKD_11111,HA1E,LINCSCP_14738,Dexamethasone
0.4132,9.3821e-22,493,NFKB2,CGS001-4791,96 h,LINCSKD_10097,HA1E,LINCSCP_14738,Dexamethasone
0.4179,1.2168e-9,195,TNF,CGS001-7124,96 h,LINCSKD_11298,HA1E,LINCSCP_14857,Dexamethasone
0.3635,1.7572e-7,195,STAT2,CGS001-6773,96 h,LINCSKD_11112,HA1E,LINCSCP_14857,Dexamethasone
0.3543,3.7484e-7,195,SOCS1,CGS001-8651,96 h,LINCSKD_11039,HA1E,LINCSCP_14857,Dexamethasone
-0.2542,3e-4,195,NFKB2,CGS001-4791,96 h,LINCSKD_10097,HA1E,LINCSCP_14857,Dexamethasone
0.313,9.3197e-8,279,IKBKG,CGS001-8517,96 h,LINCSKD_36700,PC3,LINCSCP_158967,Dexamethasone
0.2838,1.4469e-6,279,JAK3,CGS001-3718,96 h,LINCSKD_36727,PC3,LINCSCP_158967,Dexamethasone
0.226,1e-4,279,STAT5B,CGS001-6777,144 h,LINCSKD_36237,PC3,LINCSCP_158967,Dexamethasone
0.2158,3e-4,279,RELA,CGS001-5970,96 h,LINCSKD_28536,PC3,LINCSCP_158967,Dexamethasone
-0.2091,4e-4,279,RELB,CGS001-5971,144 h,LINCSKD_26330,PC3,LINCSCP_158967,Dexamethasone
0.2026,7e-4,279,STAT6,CGS001-6778,144 h,LINCSKD_26430,PC3,LINCSCP_158967,Dexamethasone
0.2568,5.3579e-6,306,STAT1,CGS001-6772,96 h,LINCSKD_28824,PC3,LINCSCP_162524,Dexamethasone
0.2501,9.5507e-6,306,STAT4,CGS001-6775,96 h,LINCSKD_28827,PC3,LINCSCP_162524,Dexamethasone
0.2364,0,306,STAT3,CGS001-6774,96 h,LINCSKD_28826,PC3,LINCSCP_162524,Dexamethasone
0.2303,0,306,JAK1,CGS001-3716,144 h,LINCSKD_35975,PC3,LINCSCP_162524,Dexamethasone
0.21,2e-4,306,JAK1,CGS001-3716,96 h,LINCSKD_27721,PC3,LINCSCP_162524,Dexamethasone
0.2012,4e-4,306,IL6R,CGS001-3570,96 h,LINCSKD_27674,PC3,LINCSCP_162524,Dexamethasone
0.3385,2.5866e-9,294,TNF,CGS001-7124,96 h,LINCSKD_28936,PC3,LINCSCP_162526,Dexamethasone
0.313,4.1764e-8,294,IL6R,CGS001-3570,96 h,LINCSKD_27674,PC3,LINCSCP_162526,Dexamethasone
0.3126,4.3857e-8,294,JAK1,CGS001-3716,96 h,LINCSKD_27721,PC3,LINCSCP_162526,Dexamethasone
0.2727,2.0679e-6,294,STAT6,CGS001-6778,144 h,LINCSKD_26430,PC3,LINCSCP_162526,Dexamethasone
0.2685,3.0084e-6,294,REL,CGS001-5966,96 h,LINCSKD_28535,PC3,LINCSCP_162526,Dexamethasone
0.4219,3.2974e-13,273,JAK1,CGS001-3716,96 h,LINCSKD_27721,PC3,LINCSCP_162527,Dexamethasone
0.3047,2.8438e-7,273,TNF,CGS001-7124,96 h,LINCSKD_28936,PC3,LINCSCP_162527,Dexamethasone
0.2915,9.4965e-7,273,IL6R,CGS001-3570,96 h,LINCSKD_27674,PC3,LINCSCP_162527,Dexamethasone
0.2813,2.3293e-6,273,STAT3,CGS001-6774,96 h,LINCSKD_28826,PC3,LINCSCP_162527,Dexamethasone
0.2679,7.2026e-6,273,IKBKB,CGS001-3551,144 h,LINCSKD_26063,PC3,LINCSCP_162527,Dexamethasone
0.2544,0,273,IKBKG,CGS001-8517,96 h,LINCSKD_36700,PC3,LINCSCP_162527,Dexamethasone
0.4434,1.4836e-21,418,JAK1,CGS001-3716,96 h,LINCSKD_27721,PC3,LINCSCP_162528,Dexamethasone
0.4335,1.4007e-20,418,TNF,CGS001-7124,96 h,LINCSKD_28936,PC3,LINCSCP_162528,Dexamethasone
0.4192,3.2043e-19,418,JAK2,CGS001-3717,144 h,LINCSKD_35976,PC3,LINCSCP_162528,Dexamethasone
0.4032,8.9421e-18,418,IL6R,CGS001-3570,96 h,LINCSKD_27674,PC3,LINCSCP_162528,Dexamethasone
0.369,6.2289e-15,418,REL,CGS001-5966,96 h,LINCSKD_28535,PC3,LINCSCP_162528,Dexamethasone
0.3629,9.1861e-10,268,TNF,CGS001-7124,96 h,LINCSKD_28936,PC3,LINCSCP_162529,Dexamethasone
0.3272,4.1606e-8,268,JAK1,CGS001-3716,96 h,LINCSKD_27721,PC3,LINCSCP_162529,Dexamethasone
0.2887,1.5381e-6,268,NFKB2,CGS001-4791,96 h,LINCSKD_28061,PC3,LINCSCP_162529,Dexamethasone
0.2385,1.9808e-10,694,JAK1,CGS001-3716,96 h,LINCSKD_1612,A375,LINCSCP_176623,Dexamethasone
0.2299,8.8612e-10,694,IL6ST,CGS001-3572,96 h,LINCSKD_1545,A375,LINCSCP_176623,Dexamethasone
0.3655,4.8741e-7,179,TNF,CGS001-7124,96 h,LINCSKD_3241,A375,LINCSCP_176706,Dexamethasone
0.3365,4.1072e-6,179,SOCS1,CGS001-8651,96 h,LINCSKD_2994,A375,LINCSCP_176706,Dexamethasone
0.2919,1e-4,179,SOCS4,CGS001-122809,96 h,LINCSKD_2997,A375,LINCSCP_176706,Dexamethasone
0.3713,3.6302e-8,207,STAT5A,CGS001-6776,96 h,LINCSKD_3066,A375,LINCSCP_179548,Dexamethasone
0.3559,1.4244e-7,207,IKBKE,CGS001-9641,96 h,LINCSKD_1515,A375,LINCSCP_179548,Dexamethasone
0.3174,3.1666e-6,207,IL6ST,CGS001-3572,96 h,LINCSKD_1545,A375,LINCSCP_179548,Dexamethasone
0.2469,3e-4,207,RELB,CGS001-5971,96 h,LINCSKD_2676,A375,LINCSCP_179548,Dexamethasone
-0.5654,5.8436e-39,445,SOCS4,CGS001-122809,96 h,LINCSKD_2997,A375,LINCSCP_179959,Dexamethasone
-0.539,6.7701e-35,445,TNF,CGS001-7124,96 h,LINCSKD_3241,A375,LINCSCP_179959,Dexamethasone
0.5079,1.4784e-30,445,IL6ST,CGS001-3572,96 h,LINCSKD_1545,A375,LINCSCP_179959,Dexamethasone
0.4963,4.7916e-29,445,STAT6,CGS001-6778,96 h,LINCSKD_3068,A375,LINCSCP_179959,Dexamethasone
0.4836,1.8261e-27,445,SOCS2,CGS001-8835,96 h,LINCSKD_2995,A375,LINCSCP_179959,Dexamethasone
0.4615,7.4538e-25,445,STAT5A,CGS001-6776,96 h,LINCSKD_3066,A375,LINCSCP_179959,Dexamethasone
0.6132,5.4983e-33,306,IL6ST,CGS001-3572,96 h,LINCSKD_1545,A375,LINCSCP_180792,Dexamethasone
0.5678,1.6307e-27,306,STAT6,CGS001-6778,96 h,LINCSKD_3068,A375,LINCSCP_180792,Dexamethasone
0.5299,1.5047e-23,306,STAT5A,CGS001-6776,96 h,LINCSKD_3066,A375,LINCSCP_180792,Dexamethasone
0.502,6.1215e-21,306,SOCS2,CGS001-8835,96 h,LINCSKD_2995,A375,LINCSCP_180792,Dexamethasone
0.4902,6.6939e-20,306,IKBKE,CGS001-9641,96 h,LINCSKD_1515,A375,LINCSCP_180792,Dexamethasone
-0.445,2.735e-16,306,SOCS4,CGS001-122809,96 h,LINCSKD_2997,A375,LINCSCP_180792,Dexamethasone
0.2196,4.896e-6,425,IL6ST,CGS001-3572,96 h,LINCSKD_12723,HCC515,LINCSCP_18922,Dexamethasone
0.2045,0,425,STAT1,CGS001-6772,96 h,LINCSKD_13762,HCC515,LINCSCP_18922,Dexamethasone
0.2372,2.4141e-8,540,STAT5A,CGS001-6776,96 h,LINCSKD_13764,HCC515,LINCSCP_19050,Dexamethasone
0.2331,4.278e-8,540,SOCS5,CGS001-9655,96 h,LINCSKD_13717,HCC515,LINCSCP_19050,Dexamethasone
0.2233,1.5851e-7,540,STAT1,CGS001-6772,96 h,LINCSKD_13762,HCC515,LINCSCP_19050,Dexamethasone
0.3239,2.409e-11,405,STAT1,CGS001-6772,96 h,LINCSKD_13762,HCC515,LINCSCP_19112,Dexamethasone
0.2468,4.91e-7,405,IKBKE,CGS001-9641,96 h,LINCSKD_12703,HCC515,LINCSCP_19112,Dexamethasone
-0.2382,1.2408e-6,405,SOCS2,CGS001-8835,96 h,LINCSKD_13715,HCC515,LINCSCP_19112,Dexamethasone
0.4297,1.2804e-10,205,STAT1,CGS001-6772,96 h,LINCSKD_7927,ASC,LINCSCP_203976,Dexamethasone
0.2509,0,257,IKBKE,CGS001-9641,96 h,LINCSKD_12703,HCC515,LINCSCP_20448,Dexamethasone
-0.2329,2e-4,257,SOCS2,CGS001-8835,96 h,LINCSKD_13715,HCC515,LINCSCP_20448,Dexamethasone
0.226,3e-4,257,STAT3,CGS001-6774,96 h,LINCSKD_13763,HCC515,LINCSCP_20448,Dexamethasone
0.2185,4e-4,257,STAT1,CGS001-6772,96 h,LINCSKD_13762,HCC515,LINCSCP_20448,Dexamethasone
0.2176,4e-4,257,SOCS5,CGS001-9655,96 h,LINCSKD_13717,HCC515,LINCSCP_20448,Dexamethasone
0.3725,1.9184e-7,184,SOCS1,CGS001-8651,96 h,LINCSKD_11039,HA1E,LINCSCP_211777,Dexamethasone
0.349,1.1994e-6,184,TNF,CGS001-7124,96 h,LINCSKD_11298,HA1E,LINCSCP_211777,Dexamethasone
0.313,0,184,STAT2,CGS001-6773,96 h,LINCSKD_11112,HA1E,LINCSCP_211777,Dexamethasone
0.2979,0,184,NFKB1,CGS001-4790,96 h,LINCSKD_10096,HA1E,LINCSCP_211777,Dexamethasone
0.2448,8e-4,184,IL6,CGS001-3569,96 h,LINCSKD_9600,HA1E,LINCSCP_211777,Dexamethasone
0.2422,9e-4,184,IKBKG,CGS001-8517,96 h,LINCSKD_9571,HA1E,LINCSCP_211777,Dexamethasone
0.2405,0.001,184,JAK3,CGS001-3718,96 h,LINCSKD_9664,HA1E,LINCSCP_211777,Dexamethasone
0.4244,1.2826e-12,256,SOCS1,CGS001-8651,96 h,LINCSKD_11039,HA1E,LINCSCP_212175,Dexamethasone
0.4232,1.5167e-12,256,TNF,CGS001-7124,96 h,LINCSKD_11298,HA1E,LINCSCP_212175,Dexamethasone
0.4099,8.5701e-12,256,JAK2,CGS001-3717,96 h,LINCSKD_9663,HA1E,LINCSCP_212175,Dexamethasone
0.3483,1.0241e-8,256,IL6,CGS001-3569,96 h,LINCSKD_9600,HA1E,LINCSCP_212175,Dexamethasone
0.4554,5.26e-21,383,IL6ST,CGS001-3572,96 h,LINCSKD_15925,HEPG2,LINCSCP_21539,Dexamethasone
0.3978,5.672e-16,383,IKBKE,CGS001-9641,96 h,LINCSKD_15896,HEPG2,LINCSCP_21539,Dexamethasone
0.3793,1.5021e-14,383,STAT5B,CGS001-6777,96 h,LINCSKD_17318,HEPG2,LINCSCP_21539,Dexamethasone
0.3596,3.906e-13,383,JAK1,CGS001-3716,96 h,LINCSKD_15986,HEPG2,LINCSCP_21539,Dexamethasone
0.3347,1.7761e-11,383,STAT1,CGS001-6772,96 h,LINCSKD_17314,HEPG2,LINCSCP_21539,Dexamethasone
0.3222,1.0591e-10,383,IKBKB,CGS001-3551,96 h,LINCSKD_15895,HEPG2,LINCSCP_21539,Dexamethasone
0.2741,5.0148e-8,383,REL,CGS001-5966,96 h,LINCSKD_16954,HEPG2,LINCSCP_21539,Dexamethasone
0.3393,1.6825e-11,373,STAT1,CGS001-6772,96 h,LINCSKD_13762,HCC515,LINCSCP_217498,Dexamethasone
0.2748,6.9368e-8,373,STAT3,CGS001-6774,96 h,LINCSKD_13763,HCC515,LINCSCP_217498,Dexamethasone
-0.4674,1.1063e-12,208,IKBKE,CGS001-9641,96 h,LINCSKD_19226,HT29,LINCSCP_223342,Dexamethasone
0.6168,6.3855e-26,234,IKBKB,CGS001-3551,96 h,LINCSKD_19225,HT29,LINCSCP_227932,Dexamethasone
0.5852,6.7338e-23,234,IKBKE,CGS001-9641,96 h,LINCSKD_19226,HT29,LINCSCP_227932,Dexamethasone
0.5721,9.7473e-22,234,STAT1,CGS001-6772,96 h,LINCSKD_20628,HT29,LINCSCP_227932,Dexamethasone
0.3255,8.9608e-7,218,NFKB1,CGS001-4790,96 h,LINCSKD_16384,HEPG2,LINCSCP_22867,Dexamethasone
0.3195,1.4574e-6,218,SOCS1,CGS001-8651,96 h,LINCSKD_17248,HEPG2,LINCSCP_22867,Dexamethasone
0.2545,1e-4,218,STAT5A,CGS001-6776,96 h,LINCSKD_17317,HEPG2,LINCSCP_22867,Dexamethasone
0.2381,4e-4,218,IL6R,CGS001-3570,96 h,LINCSKD_15924,HEPG2,LINCSCP_22867,Dexamethasone
0.4152,6.2382e-18,396,TNF,CGS001-7124,96 h,LINCSKD_28936,PC3,LINCSCP_266218,Dexamethasone
0.3194,7.6578e-11,396,JAK1,CGS001-3716,144 h,LINCSKD_35975,PC3,LINCSCP_266218,Dexamethasone
0.2701,4.7537e-8,396,NFKB2,CGS001-4791,96 h,LINCSKD_28061,PC3,LINCSCP_266218,Dexamethasone
0.2604,1.4703e-7,396,STAT2,CGS001-6773,96 h,LINCSKD_28825,PC3,LINCSCP_266218,Dexamethasone
0.6173,1.9058e-21,191,SOCS4,CGS001-122809,96 h,LINCSKD_20561,HT29,LINCSCP_26643,Dexamethasone
0.6058,1.6296e-20,191,SOCS5,CGS001-9655,96 h,LINCSKD_20562,HT29,LINCSCP_26643,Dexamethasone
0.5842,7.2548e-19,191,STAT6,CGS001-6778,96 h,LINCSKD_20633,HT29,LINCSCP_26643,Dexamethasone
0.5338,1.8329e-15,191,REL,CGS001-5966,96 h,LINCSKD_20280,HT29,LINCSCP_26643,Dexamethasone
-0.4826,1.5494e-12,191,STAT1,CGS001-6772,96 h,LINCSKD_20628,HT29,LINCSCP_26643,Dexamethasone
0.4728,0,76,TNF,CGS001-7124,96 h,LINCSKD_28936,PC3,LINCSCP_271158,Dexamethasone
0.3752,0,130,SOCS5,CGS001-9655,96 h,LINCSKD_28777,PC3,LINCSCP_272035,Dexamethasone
0.3679,0,130,TNF,CGS001-7124,96 h,LINCSKD_28936,PC3,LINCSCP_272035,Dexamethasone
0.3499,0,130,IL6R,CGS001-3570,96 h,LINCSKD_27674,PC3,LINCSCP_272035,Dexamethasone
0.6518,1.0138e-46,375,JAK3,CGS001-3718,120 h,LINCSKD_31401,VCAP,LINCSCP_295250,Dexamethasone
0.4861,1.229e-23,375,IKBKE,CGS001-9641,120 h,LINCSKD_31312,VCAP,LINCSCP_295250,Dexamethasone
0.4016,5.7254e-16,375,IL6ST,CGS001-3572,120 h,LINCSKD_31340,VCAP,LINCSCP_295250,Dexamethasone
0.3538,1.7005e-12,375,NFKB2,CGS001-4791,120 h,LINCSKD_31844,VCAP,LINCSCP_295250,Dexamethasone
0.2958,5.2346e-9,375,STAT6,CGS001-6778,120 h,LINCSKD_32813,VCAP,LINCSCP_295250,Dexamethasone
0.7536,6.9843e-75,402,SOCS4,CGS001-122809,120 h,LINCSKD_32740,VCAP,LINCSCP_296061,Dexamethasone
0.7176,7.7535e-65,402,NFKB1,CGS001-4790,120 h,LINCSKD_31843,VCAP,LINCSCP_296061,Dexamethasone
-0.6686,2.0169e-53,402,IL6ST,CGS001-3572,120 h,LINCSKD_31340,VCAP,LINCSCP_296061,Dexamethasone
0.6449,1.2161e-48,402,STAT1,CGS001-6772,120 h,LINCSKD_32808,VCAP,LINCSCP_296061,Dexamethasone
-0.632,3.276e-46,402,NFKB2,CGS001-4791,120 h,LINCSKD_31844,VCAP,LINCSCP_296061,Dexamethasone
0.5905,3.7839e-39,402,RELB,CGS001-5971,120 h,LINCSKD_32449,VCAP,LINCSCP_296061,Dexamethasone
0.5886,7.7374e-39,402,IL6,CGS001-3569,120 h,LINCSKD_31339,VCAP,LINCSCP_296061,Dexamethasone
0.5198,3.3775e-29,402,STAT2,CGS001-6773,120 h,LINCSKD_32809,VCAP,LINCSCP_296061,Dexamethasone
0.5143,1.6043e-28,402,STAT5A,CGS001-6776,120 h,LINCSKD_32812,VCAP,LINCSCP_296061,Dexamethasone
0.5781,1.2577e-39,429,IKBKE,CGS001-9641,96 h,LINCSKD_23149,MCF7,LINCSCP_34210,Dexamethasone
0.5553,4.5404e-36,429,STAT1,CGS001-6772,96 h,LINCSKD_24215,MCF7,LINCSCP_34210,Dexamethasone
-0.5013,1.1303e-28,429,TNF,CGS001-7124,96 h,LINCSKD_24319,MCF7,LINCSCP_34210,Dexamethasone
0.6172,2.5959e-44,409,IKBKG,CGS001-8517,96 h,LINCSKD_25021,NPC,LINCSCP_43609,Dexamethasone
0.5814,2.3144e-38,409,RELB,CGS001-5971,96 h,LINCSKD_25328,NPC,LINCSCP_43609,Dexamethasone
0.5811,2.5968e-38,409,STAT1,CGS001-6772,96 h,LINCSKD_25441,NPC,LINCSCP_43609,Dexamethasone
0.4741,2.6269e-24,409,STAT6,CGS001-6778,96 h,LINCSKD_25442,NPC,LINCSCP_43609,Dexamethasone
0.3565,1.5833e-6,172,TNF,CGS001-7124,96 h,LINCSKD_28936,PC3,LINCSCP_47405,Dexamethasone
0.3382,5.7003e-6,172,JAK1,CGS001-3716,96 h,LINCSKD_27721,PC3,LINCSCP_47405,Dexamethasone
0.3347,7.177e-6,172,STAT4,CGS001-6775,96 h,LINCSKD_28827,PC3,LINCSCP_47405,Dexamethasone
0.3183,0,172,SOCS5,CGS001-9655,96 h,LINCSKD_28777,PC3,LINCSCP_47405,Dexamethasone
0.3039,1e-4,172,IKBKB,CGS001-3551,96 h,LINCSKD_27650,PC3,LINCSCP_47405,Dexamethasone
0.7388,2.4005e-85,488,SOCS4,CGS001-122809,120 h,LINCSKD_32740,VCAP,LINCSCP_56433,Dexamethasone
0.7219,9.4492e-80,488,STAT1,CGS001-6772,120 h,LINCSKD_32808,VCAP,LINCSCP_56433,Dexamethasone
0.6942,2.0108e-71,488,IL6,CGS001-3569,120 h,LINCSKD_31339,VCAP,LINCSCP_56433,Dexamethasone
0.6347,2.1733e-56,488,JAK1,CGS001-3716,120 h,LINCSKD_31399,VCAP,LINCSCP_56433,Dexamethasone
0.6209,2.3347e-53,488,IKBKE,CGS001-9641,120 h,LINCSKD_31312,VCAP,LINCSCP_56433,Dexamethasone
0.6154,3.3654e-52,488,STAT5A,CGS001-6776,120 h,LINCSKD_32812,VCAP,LINCSCP_56433,Dexamethasone
0.597,1.8836e-48,488,STAT2,CGS001-6773,120 h,LINCSKD_32809,VCAP,LINCSCP_56433,Dexamethasone
0.5828,1.0104e-45,488,NFKB1,CGS001-4790,120 h,LINCSKD_31843,VCAP,LINCSCP_56433,Dexamethasone
0.5748,2.9736e-44,488,RELB,CGS001-5971,120 h,LINCSKD_32449,VCAP,LINCSCP_56433,Dexamethasone
-0.5281,2.1278e-36,488,IL6ST,CGS001-3572,120 h,LINCSKD_31340,VCAP,LINCSCP_56433,Dexamethasone
0.6338,2.1194e-22,187,IKBKAP,CGS001-8518,120 h,LINCSKD_31310,VCAP,LINCSCP_56525,Dexamethasone
0.6275,7.2064e-22,187,TNF,CGS001-7124,120 h,LINCSKD_32982,VCAP,LINCSCP_56525,Dexamethasone
0.5815,2.6356e-18,187,IKBKB,CGS001-3551,120 h,LINCSKD_31311,VCAP,LINCSCP_56525,Dexamethasone
0.5465,5.9553e-16,187,STAT6,CGS001-6778,120 h,LINCSKD_32813,VCAP,LINCSCP_56525,Dexamethasone
-0.5241,1.3876e-14,187,IL6,CGS001-3569,120 h,LINCSKD_31339,VCAP,LINCSCP_56525,Dexamethasone
0.5205,2.2621e-14,187,IL6ST,CGS001-3572,120 h,LINCSKD_31340,VCAP,LINCSCP_56525,Dexamethasone
0.518,3.148e-14,187,NFKB2,CGS001-4791,120 h,LINCSKD_31844,VCAP,LINCSCP_56525,Dexamethasone
0.5035,2.0597e-13,187,STAT4,CGS001-6775,120 h,LINCSKD_32811,VCAP,LINCSCP_56525,Dexamethasone
0.4664,6.0299e-11,177,NFKB2,CGS001-4791,120 h,LINCSKD_31844,VCAP,LINCSCP_56569,Dexamethasone
0.368,4.6677e-7,177,IKBKB,CGS001-3551,120 h,LINCSKD_31311,VCAP,LINCSCP_56569,Dexamethasone
0.3276,8.5388e-6,177,STAT6,CGS001-6778,120 h,LINCSKD_32813,VCAP,LINCSCP_56569,Dexamethasone
0.3042,0,177,JAK3,CGS001-3718,120 h,LINCSKD_31401,VCAP,LINCSCP_56569,Dexamethasone
0.2856,1e-4,177,IL6ST,CGS001-3572,120 h,LINCSKD_31340,VCAP,LINCSCP_56569,Dexamethasone
-0.2649,4e-4,177,STAT2,CGS001-6773,120 h,LINCSKD_32809,VCAP,LINCSCP_56569,Dexamethasone
-0.2493,8e-4,177,JAK2,CGS001-3717,120 h,LINCSKD_31400,VCAP,LINCSCP_56569,Dexamethasone
0.2377,0.0014,177,STAT4,CGS001-6775,120 h,LINCSKD_32811,VCAP,LINCSCP_56569,Dexamethasone
0.2907,3.3125e-8,348,STAT4,CGS001-6775,120 h,LINCSKD_32811,VCAP,LINCSCP_59060,Dexamethasone
0.2494,2.4661e-6,348,IKBKAP,CGS001-8518,120 h,LINCSKD_31310,VCAP,LINCSCP_59060,Dexamethasone
-0.2328,0,348,RELB,CGS001-5971,120 h,LINCSKD_32449,VCAP,LINCSCP_59060,Dexamethasone
0.2132,1e-4,348,STAT3,CGS001-6774,120 h,LINCSKD_32810,VCAP,LINCSCP_59060,Dexamethasone
-0.2101,1e-4,348,SOCS4,CGS001-122809,120 h,LINCSKD_32740,VCAP,LINCSCP_59060,Dexamethasone
0.2091,1e-4,348,IL6ST,CGS001-3572,120 h,LINCSKD_31340,VCAP,LINCSCP_59060,Dexamethasone
0.3743,2.3968e-15,418,IKBKAP,CGS001-8518,96 h,LINCSKD_5136,A549,LINCSCP_6877,Dexamethasone
0.3067,1.4832e-10,418,NFKB1,CGS001-4790,96 h,LINCSKD_5654,A549,LINCSCP_6877,Dexamethasone
0.5027,1.4908e-23,346,JAK1,CGS001-3716,96 h,LINCSKD_5223,A549,LINCSCP_6974,Dexamethasone
0.4606,1.4146e-19,346,IKBKE,CGS001-9641,96 h,LINCSKD_5138,A549,LINCSCP_6974,Dexamethasone
0.4371,1.4062e-17,346,IL6ST,CGS001-3572,96 h,LINCSKD_5167,A549,LINCSCP_6974,Dexamethasone
0.4322,3.552e-17,346,NFKB2,CGS001-4791,96 h,LINCSKD_5655,A549,LINCSCP_6974,Dexamethasone
0.3481,2.7023e-11,346,IKBKB,CGS001-3551,96 h,LINCSKD_5137,A549,LINCSCP_6974,Dexamethasone
0.3443,4.6179e-11,346,IKBKAP,CGS001-8518,96 h,LINCSKD_5136,A549,LINCSCP_6974,Dexamethasone
0.322,8.7101e-10,346,STAT1,CGS001-6772,96 h,LINCSKD_6664,A549,LINCSCP_6974,Dexamethasone
-0.3003,1.2157e-8,346,STAT4,CGS001-6775,96 h,LINCSKD_6667,A549,LINCSCP_6974,Dexamethasone
0.4333,9.1918e-26,532,IL6ST,CGS001-3572,96 h,LINCSKD_5167,A549,LINCSCP_7263,Dexamethasone
0.3942,3.1716e-21,532,JAK1,CGS001-3716,96 h,LINCSKD_5223,A549,LINCSCP_7263,Dexamethasone
0.3852,2.9302e-20,532,NFKB2,CGS001-4791,96 h,LINCSKD_5655,A549,LINCSCP_7263,Dexamethasone
0.3719,6.8092e-19,532,JAK2,CGS001-3717,96 h,LINCSKD_5224,A549,LINCSCP_7263,Dexamethasone
0.3677,1.7719e-18,532,STAT6,CGS001-6778,96 h,LINCSKD_6670,A549,LINCSCP_7263,Dexamethasone
0.3367,1.4518e-15,532,IKBKAP,CGS001-8518,96 h,LINCSKD_5136,A549,LINCSCP_7263,Dexamethasone
0.3278,8.6696e-15,532,JAK3,CGS001-3718,96 h,LINCSKD_5225,A549,LINCSCP_7263,Dexamethasone
0.309,3.1372e-13,532,IKBKE,CGS001-9641,96 h,LINCSKD_5138,A549,LINCSCP_7263,Dexamethasone
0.3015,1.2079e-12,532,STAT1,CGS001-6772,96 h,LINCSKD_6664,A549,LINCSCP_7263,Dexamethasone
0.2768,8.1761e-11,532,IKBKB,CGS001-3551,96 h,LINCSKD_5137,A549,LINCSCP_7263,Dexamethasone
0.3562,3.5747e-13,392,IKBKE,CGS001-9641,96 h,LINCSKD_5138,A549,LINCSCP_7401,Dexamethasone
0.3501,9.5587e-13,392,JAK1,CGS001-3716,96 h,LINCSKD_5223,A549,LINCSCP_7401,Dexamethasone
0.3301,2.0374e-11,392,IL6ST,CGS001-3572,96 h,LINCSKD_5167,A549,LINCSCP_7401,Dexamethasone
0.2971,1.9884e-9,392,IKBKB,CGS001-3551,96 h,LINCSKD_5137,A549,LINCSCP_7401,Dexamethasone
0.2849,9.4062e-9,392,NFKB2,CGS001-4791,96 h,LINCSKD_5655,A549,LINCSCP_7401,Dexamethasone
0.2654,9.6431e-8,392,IKBKAP,CGS001-8518,96 h,LINCSKD_5136,A549,LINCSCP_7401,Dexamethasone
-0.2554,2.9653e-7,392,RELA,CGS001-5970,96 h,LINCSKD_6280,A549,LINCSCP_7401,Dexamethasone
-0.2411,1.3731e-6,392,IL6R,CGS001-3570,96 h,LINCSKD_5166,A549,LINCSCP_7401,Dexamethasone
0.3486,1.264e-7,218,REL,CGS001-5966,96 h,LINCSKD_2674,A375,LINCSCP_77221,Dexamethasone
0.3286,6.9701e-7,218,SOCS2,CGS001-8835,96 h,LINCSKD_2995,A375,LINCSCP_77221,Dexamethasone
0.3148,2.1075e-6,218,IL6ST,CGS001-3572,96 h,LINCSKD_1545,A375,LINCSCP_77221,Dexamethasone
-0.307,3.8642e-6,218,SOCS4,CGS001-122809,96 h,LINCSKD_2997,A375,LINCSCP_77221,Dexamethasone
0.2809,0,218,STAT5B,CGS001-6777,96 h,LINCSKD_3067,A375,LINCSCP_77221,Dexamethasone
0.3237,1.3888e-6,213,STAT1,CGS001-6772,96 h,LINCSKD_3062,A375,LINCSCP_77226,Dexamethasone
0.3187,2.0451e-6,213,STAT6,CGS001-6778,96 h,LINCSKD_3068,A375,LINCSCP_77226,Dexamethasone
0.2763,0,213,RELB,CGS001-5971,96 h,LINCSKD_2676,A375,LINCSCP_77226,Dexamethasone
0.2495,0,286,STAT3,CGS001-6774,96 h,LINCSKD_6666,A549,LINCSCP_8039,Dexamethasone
0.2033,5e-4,286,IKBKB,CGS001-3551,96 h,LINCSKD_5137,A549,LINCSCP_8039,Dexamethasone
0.5694,3.2933e-40,452,IL6ST,CGS001-3572,96 h,LINCSKD_1545,A375,LINCSCP_80760,Dexamethasone
-0.4853,4.4548e-28,452,TNF,CGS001-7124,96 h,LINCSKD_3241,A375,LINCSCP_80760,Dexamethasone
0.469,4.2024e-26,452,STAT6,CGS001-6778,96 h,LINCSKD_3068,A375,LINCSCP_80760,Dexamethasone
0.4662,9.0817e-26,452,STAT5A,CGS001-6776,96 h,LINCSKD_3066,A375,LINCSCP_80760,Dexamethasone
0.439,1.0191e-22,452,REL,CGS001-5966,96 h,LINCSKD_2674,A375,LINCSCP_80760,Dexamethasone
-0.4197,1.0265e-20,452,SOCS4,CGS001-122809,96 h,LINCSKD_2997,A375,LINCSCP_80760,Dexamethasone
0.5464,9.3882e-35,429,IL6ST,CGS001-3572,96 h,LINCSKD_1545,A375,LINCSCP_80761,Dexamethasone
0.4834,1.6812e-26,429,SOCS2,CGS001-8835,96 h,LINCSKD_2995,A375,LINCSCP_80761,Dexamethasone
0.4508,7.2439e-23,429,STAT5A,CGS001-6776,96 h,LINCSKD_3066,A375,LINCSCP_80761,Dexamethasone
0.43120000000000003,7.5199e-21,429,STAT6,CGS001-6778,96 h,LINCSKD_3068,A375,LINCSCP_80761,Dexamethasone
0.5634,1.0273e-39,458,IL6ST,CGS001-3572,96 h,LINCSKD_1545,A375,LINCSCP_80762,Dexamethasone
-0.4662,4.3413e-26,458,SOCS4,CGS001-122809,96 h,LINCSKD_2997,A375,LINCSCP_80762,Dexamethasone
0.4474,6.3565e-24,458,STAT6,CGS001-6778,96 h,LINCSKD_3068,A375,LINCSCP_80762,Dexamethasone
0.4197,5.7274e-21,458,REL,CGS001-5966,96 h,LINCSKD_2674,A375,LINCSCP_80762,Dexamethasone
0.4084,7.7718e-20,458,STAT5A,CGS001-6776,96 h,LINCSKD_3066,A375,LINCSCP_80762,Dexamethasone
0.4025,2.9232e-19,458,SOCS2,CGS001-8835,96 h,LINCSKD_2995,A375,LINCSCP_80762,Dexamethasone
0.3998,1.5998e-14,341,IL6ST,CGS001-3572,96 h,LINCSKD_1545,A375,LINCSCP_80763,Dexamethasone
0.3405,1.0595e-10,341,IKBKE,CGS001-9641,96 h,LINCSKD_1515,A375,LINCSCP_80763,Dexamethasone
0.3139,3.1025e-9,341,STAT5A,CGS001-6776,96 h,LINCSKD_3066,A375,LINCSCP_80763,Dexamethasone
0.2979,2.0372e-8,341,RELB,CGS001-5971,96 h,LINCSKD_2676,A375,LINCSCP_80763,Dexamethasone
0.2975,2.1315e-8,341,STAT6,CGS001-6778,96 h,LINCSKD_3068,A375,LINCSCP_80763,Dexamethasone
0.2963,2.451e-8,341,SOCS2,CGS001-8835,96 h,LINCSKD_2995,A375,LINCSCP_80763,Dexamethasone
0.3878,2.2456e-11,277,STAT6,CGS001-6778,96 h,LINCSKD_11117,HA1E,LINCSCP_95557,Dexamethasone
0.3588,7.7447e-10,277,REL,CGS001-5966,96 h,LINCSKD_10725,HA1E,LINCSCP_95557,Dexamethasone
0.3146,8.8825e-8,277,STAT1,CGS001-6772,96 h,LINCSKD_11111,HA1E,LINCSCP_95557,Dexamethasone
0.3069,1.8842e-7,277,NFKB2,CGS001-4791,96 h,LINCSKD_10097,HA1E,LINCSCP_95557,Dexamethasone
0.4382,9.9647e-23,454,STAT6,CGS001-6778,96 h,LINCSKD_11117,HA1E,LINCSCP_99103,Dexamethasone
0.4258,2.0306e-21,454,STAT1,CGS001-6772,96 h,LINCSKD_11111,HA1E,LINCSCP_99103,Dexamethasone
0.425,2.4508e-21,454,REL,CGS001-5966,96 h,LINCSKD_10725,HA1E,LINCSCP_99103,Dexamethasone
0.4219,5.0656e-21,454,STAT3,CGS001-6774,96 h,LINCSKD_11113,HA1E,LINCSCP_99103,Dexamethasone
-0.3626,1.492e-15,454,SOCS1,CGS001-8651,96 h,LINCSKD_11039,HA1E,LINCSCP_99103,Dexamethasone
-0.3468,2.8432e-14,454,TNF,CGS001-7124,96 h,LINCSKD_11298,HA1E,LINCSCP_99103,Dexamethasone
-0.3429,5.6366e-14,454,IL6,CGS001-3569,96 h,LINCSKD_9600,HA1E,LINCSCP_99103,Dexamethasone
0.5074,4.3814e-39,577,REL,CGS001-5966,96 h,LINCSKD_10725,HA1E,LINCSCP_99104,Dexamethasone
0.5065,6.246e-39,577,STAT3,CGS001-6774,96 h,LINCSKD_11113,HA1E,LINCSCP_99104,Dexamethasone
-0.4541,1.0682e-30,577,SOCS1,CGS001-8651,96 h,LINCSKD_11039,HA1E,LINCSCP_99104,Dexamethasone
0.4302,2.1793e-27,577,NFKB2,CGS001-4791,96 h,LINCSKD_10097,HA1E,LINCSCP_99104,Dexamethasone
0.4272,5.3124e-27,577,STAT1,CGS001-6772,96 h,LINCSKD_11111,HA1E,LINCSCP_99104,Dexamethasone
0.4257,8.5201e-27,577,STAT6,CGS001-6778,96 h,LINCSKD_11117,HA1E,LINCSCP_99104,Dexamethasone
-0.418,8.3858e-26,577,TNF,CGS001-7124,96 h,LINCSKD_11298,HA1E,LINCSCP_99104,Dexamethasone
0.3935,8.1827e-23,577,JAK1,CGS001-3716,96 h,LINCSKD_9662,HA1E,LINCSCP_99104,Dexamethasone
-0.3811,2.194e-21,577,STAT2,CGS001-6773,96 h,LINCSKD_11112,HA1E,LINCSCP_99104,Dexamethasone
0.4663,5.7319e-27,474,STAT3,CGS001-6774,96 h,LINCSKD_11113,HA1E,LINCSCP_99105,Dexamethasone
-0.4408,5.8731e-24,474,IL6,CGS001-3569,96 h,LINCSKD_9600,HA1E,LINCSCP_99105,Dexamethasone
0.4321,5.5716e-23,474,STAT1,CGS001-6772,96 h,LINCSKD_11111,HA1E,LINCSCP_99105,Dexamethasone
0.429,1.2007e-22,474,REL,CGS001-5966,96 h,LINCSKD_10725,HA1E,LINCSCP_99105,Dexamethasone
-0.4086,1.6785e-20,474,TNF,CGS001-7124,96 h,LINCSKD_11298,HA1E,LINCSCP_99105,Dexamethasone
-0.4016,8.5534e-20,474,SOCS1,CGS001-8651,96 h,LINCSKD_11039,HA1E,LINCSCP_99105,Dexamethasone
0.3921,7.2101e-19,474,STAT6,CGS001-6778,96 h,LINCSKD_11117,HA1E,LINCSCP_99105,Dexamethasone
0.3524,2.627e-15,474,NFKB2,CGS001-4791,96 h,LINCSKD_10097,HA1E,LINCSCP_99105,Dexamethasone
0.2918,7.3498e-7,278,STAT1,CGS001-6772,96 h,LINCSKD_11111,HA1E,LINCSCP_99106,Dexamethasone
0.276,2.9682e-6,278,IKBKAP,CGS001-8518,96 h,LINCSKD_9568,HA1E,LINCSCP_99106,Dexamethasone
0.2544,0,278,STAT5A,CGS001-6776,96 h,LINCSKD_11115,HA1E,LINCSCP_99106,Dexamethasone
0.2404,1e-4,278,IKBKB,CGS001-3551,96 h,LINCSKD_9569,HA1E,LINCSCP_99106,Dexamethasone
0.2403,1e-4,278,STAT3,CGS001-6774,96 h,LINCSKD_11113,HA1E,LINCSCP_99106,Dexamethasone
0.3035,2.8801e-8,321,IKBKB,CGS001-3551,96 h,LINCSKD_9569,HA1E,LINCSCP_99107,Dexamethasone
0.2454,8.6924e-6,321,STAT1,CGS001-6772,96 h,LINCSKD_11111,HA1E,LINCSCP_99107,Dexamethasone
